NAME,B26001_001E,B02014_001E,B16005_007E,B16005_008E,B16005_012E,B16005_013E,B16005_017E,B16005_022E,B16005_023E,B16005_029E,B16005_030E,B16005_034E,B16005_035E,B16005_039E,B16005_040E,B16005_044E,B16005_045E,B01001A_014E,B01001A_015E,B01001A_016E,B01001A_029E,B01001A_030E,B01001B_014E,B01001B_015E,B01001B_016E,B01001B_029E,B01001B_030E,B01001B_031E,B01001C_014E,B01001C_015E,B01001C_016E,B01001C_029E,B01001C_030E,B01001C_031E,B01001D_014E,B01001D_015E,B01001D_016E,B01001D_029E,B01001D_030E,B01001D_031E,B01001E_014E,B01001E_015E,B01001E_016E,B01001E_029E,B01001E_030E,B01001E_031E,B01001F_014E,B01001F_015E,state,county,tract,YEAR
"Census Tract 9624.02, Sierra County, New Mexico",0,0,0,0,0,0,0,0,0,44,37,0,0,0,0,0,0,148,216,68,206,126,0,0,0,0,0,0,0,0,0,0,0,0,0,0,0,0,0,0,0,0,0,0,0,0,19,0,35,051,962402,2019
"Census Tract 9400, Taos County, New Mexico",0,266,27,0,0,0,0,3,0,10,0,0,0,0,0,0,0,85,64,19,89,74,0,0,0,0,0,0,20,7,0,31,4,2,0,0,0,0,0,0,0,0,0,0,0,0,12,5,35,055,940000,2019
"Census Tract 9401, Taos County, New Mexico",84,1398,27,5,0,0,0,0,0,218,23,4,0,0,0,0,0,512,196,39,709,238,0,0,0,0,0,0,41,35,21,64,44,28,0,0,0,13,0,0,0,0,0,0,0,0,39,4,35,055,940100,2019
"Census Tract 9636, Torrance County, New Mexico",315,27,50,0,0,0,0,0,0,58,67,0,0,0,0,0,0,410,209,46,431,262,0,0,0,0,0,0,0,0,0,0,0,0,0,0,0,0,0,0,0,0,0,0,0,0,0,10,35,057,963600,2019
"Census Tract 9502, Union County, New Mexico",648,86,23,0,0,0,0,0,0,53,6,0,0,1,0,0,0,151,84,74,212,149,5,0,0,0,0,0,0,1,0,8,0,0,0,0,0,0,0,0,0,0,0,0,0,0,28,4,35,059,950200,2019
"Census Tract 18.04, Doña Ana County, New Mexico",25,0,40,133,0,0,0,0,0,509,390,0,0,0,0,0,0,157,202,13,178,230,0,0,0,0,0,0,0,0,0,0,0,0,0,0,0,0,0,0,0,0,0,0,0,0,48,0,35,013,001804,2019
"Census Tract 13.03, Doña Ana County, New Mexico",134,9,202,0,0,0,0,0,0,166,39,0,0,0,0,0,0,425,296,28,552,291,0,9,0,0,0,0,9,0,0,0,0,0,0,0,0,0,0,0,0,0,0,0,0,0,0,0,35,013,001303,2019
"Census Tract 14, Doña Ana County, New Mexico",40,8,83,99,0,0,0,0,0,473,459,0,0,0,0,0,0,184,144,0,219,132,0,0,0,8,0,0,0,0,0,0,0,0,0,0,0,0,0,0,0,0,0,0,0,0,0,0,35,013,001400,2019
"Census Tract 15, Doña Ana County, New Mexico",1331,181,0,0,0,0,0,0,0,362,20,0,0,0,0,0,0,433,316,59,403,382,25,0,0,0,0,0,0,0,0,0,0,0,0,0,0,0,0,0,0,0,0,0,0,0,0,0,35,013,001500,2019
"Census Tract 17.05, Doña Ana County, New Mexico",0,0,15,56,0,0,0,0,0,356,299,0,0,0,0,0,0,135,31,24,111,39,0,0,0,0,0,0,0,0,0,0,0,0,0,0,0,0,0,0,0,0,0,0,0,0,14,4,35,013,001705,2019
"Census Tract 1.02, Doña Ana County, New Mexico",0,186,23,0,0,0,0,0,0,31,18,0,0,0,0,0,0,114,77,42,158,241,0,0,0,0,0,0,0,0,0,0,0,0,0,0,0,0,0,0,0,0,0,0,0,0,13,0,35,013,000102,2019
"Census Tract 1.03, Doña Ana County, New Mexico",0,45,32,0,0,0,0,0,0,388,151,0,0,0,0,0,0,116,85,18,97,121,0,0,0,0,0,0,0,8,0,0,0,0,0,0,0,9,0,0,0,0,0,0,0,0,0,0,35,013,000103,2019
"Census Tract 12.03, Doña Ana County, New Mexico",0,20,66,0,0,0,0,0,0,0,0,0,0,0,0,0,0,188,69,15,156,178,0,0,0,0,0,0,0,0,0,0,0,0,0,0,0,0,0,0,0,0,0,0,0,0,0,0,35,013,001203,2019
"Census Tract 12.05, Doña Ana County, New Mexico",136,17,24,0,0,0,0,0,0,3,0,7,0,11,0,0,0,194,200,89,233,269,0,0,0,0,0,17,0,0,0,2,0,0,0,0,0,0,0,0,0,0,0,0,0,0,0,3,35,013,001205,2019
"Census Tract 1.04, Doña Ana County, New Mexico",0,92,19,0,0,0,0,0,0,70,14,0,0,23,0,0,0,240,111,29,264,139,0,0,0,0,0,0,11,0,0,9,0,0,0,12,0,0,11,0,0,0,0,0,0,0,0,8,35,013,000104,2019
"Census Tract 4.02, Doña Ana County, New Mexico",33,24,71,0,0,0,0,0,0,220,207,0,0,0,0,0,0,127,82,105,289,178,0,0,0,0,0,0,0,0,0,0,0,0,0,0,0,0,0,0,0,0,0,0,0,0,39,0,35,013,000402,2019
"Census Tract 6, Lea County, New Mexico",134,20,10,2,0,0,0,0,0,162,76,0,0,0,0,0,0,83,108,40,285,248,2,3,0,0,0,35,0,0,0,0,0,0,0,0,0,0,0,0,0,0,0,0,0,0,0,0,35,025,000600,2019
"Census Tract 9, Lea County, New Mexico",0,12,0,11,0,0,0,0,0,160,73,0,0,0,0,0,0,100,76,42,84,51,0,0,0,0,0,0,9,0,0,0,0,0,0,0,0,0,0,0,0,0,0,0,0,0,0,0,35,025,000900,2019
"Census Tract 8, Lea County, New Mexico",0,132,0,0,0,0,0,0,7,98,27,0,0,0,0,0,0,118,41,18,158,77,0,0,0,0,0,0,0,7,0,0,0,0,0,0,0,0,0,0,0,0,0,0,0,0,0,0,35,025,000800,2019
"Census Tract 10.03, Lea County, New Mexico",453,8,26,10,0,0,0,0,0,289,148,0,0,0,0,0,0,89,53,40,153,169,0,0,0,0,0,0,0,0,0,0,0,0,0,0,0,0,0,0,0,0,0,0,0,0,7,0,35,025,001003,2019
"Census Tract 1, Lea County, New Mexico",95,40,60,3,0,0,0,18,0,322,15,0,0,0,0,0,0,49,67,0,67,57,0,0,0,10,0,0,9,0,0,0,0,0,0,0,0,0,0,0,0,0,0,0,0,0,19,0,35,025,000100,2019
"Census Tract 4, Lea County, New Mexico",0,13,44,0,0,0,0,0,0,285,64,0,0,0,0,0,0,21,12,0,89,13,8,0,0,32,6,0,0,0,0,0,0,0,0,0,0,0,0,0,0,0,0,0,0,0,0,0,35,025,000400,2019
"Census Tract 2, Lea County, New Mexico",17,53,9,12,0,0,0,0,0,262,76,0,0,0,0,0,0,164,17,10,75,36,0,0,0,3,0,4,5,0,0,3,0,0,0,0,0,0,0,0,0,0,0,0,0,0,0,0,35,025,000200,2019
"Census Tract 11, Lea County, New Mexico",0,2,19,0,0,0,0,0,0,168,182,0,16,0,0,0,0,282,134,14,150,83,0,0,0,0,0,0,0,0,0,2,0,0,0,0,0,0,0,0,0,0,0,0,0,0,0,0,35,025,001100,2019
"Census Tract 5.02, Lea County, New Mexico",31,66,34,0,0,0,0,0,0,93,22,21,0,0,0,0,0,103,88,11,191,115,0,0,0,0,0,0,0,13,0,0,0,0,0,0,0,0,0,0,0,0,0,0,0,0,0,2,35,025,000502,2019
"Census Tract 9637, Torrance County, New Mexico",0,0,0,0,0,0,0,0,0,16,7,0,0,0,0,0,0,166,68,10,103,82,0,0,0,0,0,0,0,0,0,0,0,0,0,0,0,9,0,0,0,0,0,0,0,0,48,0,35,057,963700,2019
"Census Tract 9, Eddy County, New Mexico",0,67,75,0,0,0,0,0,0,383,37,0,0,0,0,0,0,222,131,49,197,108,0,0,0,0,0,0,0,0,0,0,0,0,0,0,0,0,0,0,0,0,0,0,0,0,0,4,35,015,000900,2019
"Census Tract 4.02, Eddy County, New Mexico",5,38,7,0,0,0,0,0,0,76,9,0,0,0,0,0,0,184,27,9,156,49,0,0,0,0,0,0,0,0,0,0,0,0,0,0,0,0,0,0,0,0,0,0,0,0,0,17,35,015,000402,2019
"Census Tract 2, Eddy County, New Mexico",104,82,18,0,5,0,0,0,0,38,0,0,0,0,0,0,0,326,126,50,219,243,0,0,0,0,0,0,0,0,0,12,0,0,0,0,0,0,0,0,0,0,0,0,0,0,0,0,35,015,000200,2019
"Census Tract 4.01, Eddy County, New Mexico",14,225,0,0,0,0,0,0,0,0,0,0,0,0,0,0,0,108,32,38,179,106,0,0,0,0,0,0,11,0,0,0,0,0,0,0,0,0,0,0,0,0,0,0,0,0,28,0,35,015,000401,2019
"Census Tract 11, Eddy County, New Mexico",0,0,17,15,0,0,0,0,0,77,30,0,0,0,0,0,0,358,140,51,284,157,0,0,0,0,0,0,0,0,0,0,0,0,0,0,0,0,0,0,0,0,0,0,0,0,0,18,35,015,001100,2019
"Census Tract 7, Eddy County, New Mexico",30,101,32,0,0,0,0,0,0,90,38,0,0,0,0,0,0,212,112,15,331,54,0,0,0,0,0,0,0,0,0,0,0,0,0,0,0,0,0,0,0,0,0,0,0,0,15,0,35,015,000700,2019
"Census Tract 3, Eddy County, New Mexico",116,7,3,0,0,0,0,1,0,80,25,0,0,0,0,0,0,141,69,146,110,150,0,0,4,0,0,0,3,0,0,3,0,0,0,0,0,0,0,0,0,0,0,0,0,0,30,12,35,015,000300,2019
"Census Tract 10, Eddy County, New Mexico",51,245,98,0,0,0,0,0,0,160,62,0,0,0,0,0,0,92,192,12,207,186,10,0,0,16,25,20,0,0,0,3,0,0,0,0,0,0,0,0,0,0,0,0,0,0,14,0,35,015,001000,2019
"Census Tract 6, Eddy County, New Mexico",16,71,0,26,0,0,0,0,0,12,0,0,0,0,0,0,0,148,23,13,226,37,6,15,0,8,15,0,0,33,0,34,0,0,0,0,0,0,0,0,0,0,0,0,0,0,0,0,35,015,000600,2019
"Census Tract 1, Eddy County, New Mexico",331,3,7,0,0,0,0,0,0,14,33,0,0,0,0,0,0,67,24,8,50,7,0,0,0,0,0,0,0,0,0,0,0,0,0,0,0,0,0,0,0,0,0,0,0,0,5,0,35,015,000100,2019
"Census Tract 5, Eddy County, New Mexico",0,26,13,0,0,0,0,0,0,103,0,0,0,0,0,0,0,128,93,10,162,48,0,25,0,0,8,0,0,0,0,0,9,0,0,0,0,0,0,0,0,0,0,0,0,0,25,0,35,015,000500,2019
"Census Tract 8, Eddy County, New Mexico",0,117,4,0,0,0,0,0,0,20,55,0,0,0,0,0,0,82,51,11,106,39,0,0,0,0,0,0,0,0,0,0,9,0,0,0,0,0,0,0,0,0,0,0,0,0,0,0,35,015,000800,2019
"Census Tract 9742.02, Cibola County, New Mexico",0,543,0,0,0,0,0,0,0,16,0,0,0,0,0,0,0,102,89,11,159,100,0,0,0,0,0,0,31,0,0,23,0,0,0,0,0,0,0,0,0,0,0,0,0,0,10,0,35,006,974202,2019
"Census Tract 9601, De Baca County, New Mexico",25,5,5,0,0,0,0,0,0,0,0,0,0,0,0,0,0,103,42,38,94,47,0,0,0,0,0,0,0,0,0,0,0,0,0,0,0,3,0,0,0,0,0,0,0,0,17,5,35,011,960100,2019
"Census Tract 9616, Guadalupe County, New Mexico",789,254,92,4,0,0,0,25,0,34,0,0,0,0,0,0,0,183,206,35,230,139,0,0,0,0,0,0,34,0,0,0,0,0,0,0,0,0,0,0,0,0,0,0,0,0,19,6,35,019,961600,2019
"Census Tract 5, Luna County, New Mexico",34,18,44,0,0,0,0,0,0,47,242,0,0,0,0,0,0,242,161,23,240,138,0,0,0,0,0,0,0,0,0,0,0,0,0,0,0,0,0,0,0,0,0,0,0,0,14,0,35,029,000500,2019
"Census Tract 1, Luna County, New Mexico",0,0,53,0,0,0,0,0,0,137,270,0,0,0,0,0,0,326,136,49,356,105,35,0,0,0,0,0,0,0,0,0,0,0,10,0,0,0,0,0,0,0,0,0,0,0,0,12,35,029,000100,2019
"Census Tract 47.43, Bernalillo County, New Mexico",0,347,0,0,0,0,0,0,0,14,49,45,0,21,0,0,0,44,37,0,62,57,2,0,0,4,0,0,0,0,0,9,0,0,10,0,0,0,0,0,0,0,0,0,0,0,0,4,35,001,004743,2019
"Census Tract 47.44, Bernalillo County, New Mexico",0,146,0,0,41,0,0,0,0,21,20,0,0,0,0,0,0,251,69,28,164,64,13,0,0,0,0,0,0,0,0,0,0,0,0,0,0,41,0,0,0,0,0,0,0,0,36,0,35,001,004744,2019
"Census Tract 47.45, Bernalillo County, New Mexico",113,66,5,0,0,0,0,0,0,0,0,0,0,0,0,0,0,112,59,29,240,101,17,0,0,14,0,0,0,0,0,12,0,0,0,0,0,0,0,0,0,0,0,0,0,0,5,57,35,001,004745,2019
"Census Tract 47.46, Bernalillo County, New Mexico",0,365,14,0,0,0,0,0,0,0,0,0,0,0,0,0,0,201,102,0,224,121,0,0,0,0,0,0,17,0,0,0,0,30,0,0,0,13,0,0,0,0,0,0,26,0,0,0,35,001,004746,2019
"Census Tract 47.47, Bernalillo County, New Mexico",0,166,13,0,0,0,0,0,0,0,0,0,0,0,0,37,0,139,103,29,218,143,0,0,0,0,0,0,0,7,0,0,0,0,0,0,0,0,0,0,0,0,0,0,0,0,9,0,35,001,004747,2019
"Census Tract 47.48, Bernalillo County, New Mexico",0,149,19,0,0,0,0,0,0,0,55,0,0,0,0,0,0,231,37,0,169,69,0,0,0,0,0,0,0,0,0,0,0,0,0,47,0,0,41,0,0,0,0,0,0,0,0,78,35,001,004748,2019
"Census Tract 47.49, Bernalillo County, New Mexico",94,314,15,0,0,0,0,2,0,24,0,0,0,0,0,0,0,149,22,11,143,46,13,0,3,8,0,0,0,0,0,11,0,2,0,0,0,0,0,3,0,0,0,0,0,0,0,3,35,001,004749,2019
"Census Tract 47.50, Bernalillo County, New Mexico",3,286,30,0,0,0,0,0,0,15,104,0,0,0,0,0,31,59,111,10,288,122,11,9,0,9,9,0,0,0,0,0,0,0,0,0,0,0,0,0,0,0,0,0,0,0,45,0,35,001,004750,2019
"Census Tract 47.51, Bernalillo County, New Mexico",5,103,0,0,9,0,0,0,0,0,0,0,0,24,0,0,0,77,81,14,138,67,0,15,0,0,14,0,0,0,0,17,0,0,0,0,0,16,0,0,0,0,0,0,0,0,11,14,35,001,004751,2019
"Census Tract 47.52, Bernalillo County, New Mexico",0,104,16,0,0,0,0,0,0,0,0,0,0,0,0,0,0,90,69,0,162,103,9,0,0,0,7,0,0,0,0,11,0,8,0,0,0,10,0,0,0,0,0,0,0,0,14,9,35,001,004752,2019
"Census Tract 47.53, Bernalillo County, New Mexico",0,181,19,0,0,0,0,0,0,0,0,10,0,0,0,0,0,154,47,9,156,75,17,0,0,13,0,0,15,0,0,4,28,0,0,0,0,0,0,0,0,0,0,0,0,0,0,0,35,001,004753,2019
"Census Tract 9405, Bernalillo County, New Mexico",0,84,0,0,0,0,0,0,0,13,14,0,0,0,0,0,0,321,229,103,265,185,0,0,0,21,0,35,0,0,0,28,2,0,0,11,0,3,0,0,0,0,0,0,0,0,3,36,35,001,940500,2019
"Census Tract 9406, Bernalillo County, New Mexico",1822,2265,5,0,0,0,0,42,26,134,12,0,0,0,0,0,0,120,20,0,147,122,13,0,0,11,0,0,58,19,5,59,34,17,8,0,0,9,0,0,0,0,0,0,0,0,15,0,35,001,940600,2019
"Census Tract 9407, Bernalillo County, New Mexico",0,2432,0,0,0,0,0,0,0,0,0,0,0,0,0,0,0,14,0,0,12,0,0,0,0,0,0,0,110,53,8,177,77,23,0,0,0,0,0,0,0,0,0,0,0,0,7,6,35,001,940700,2019
"Census Tract 9764, Catron County, New Mexico",126,2,11,0,0,0,0,0,0,7,0,0,0,0,0,0,0,507,192,93,231,127,0,0,0,0,0,0,0,0,0,0,0,0,0,0,0,0,0,0,0,0,0,0,0,0,0,0,35,003,976400,2019
"Census Tract 6, Doña Ana County, New Mexico",0,15,69,0,0,0,0,0,0,103,38,0,0,0,0,0,0,82,61,10,96,146,15,0,0,0,0,0,0,0,0,0,0,0,0,0,0,0,0,0,0,0,0,0,0,0,14,0,35,013,000600,2019
"Census Tract 9, Doña Ana County, New Mexico",57,221,28,0,0,0,0,0,0,172,44,21,0,0,0,0,0,274,0,34,165,71,0,0,0,14,0,0,0,0,0,0,39,0,0,0,0,0,0,0,0,0,0,0,0,0,0,86,35,013,000900,2019
"Census Tract 11.02, Doña Ana County, New Mexico",0,17,0,0,0,0,0,0,0,49,0,0,0,0,0,0,0,185,89,30,132,118,0,0,0,0,0,0,0,0,0,0,0,0,0,0,0,0,0,0,0,0,0,0,0,0,9,0,35,013,001102,2019
"Census Tract 13.05, Doña Ana County, New Mexico",0,75,52,0,0,0,0,0,0,183,20,0,0,0,0,0,0,217,28,6,185,46,0,10,0,0,0,0,0,0,0,0,0,0,0,0,0,0,0,0,0,0,0,0,0,0,47,0,35,013,001305,2019
"Census Tract 16, Doña Ana County, New Mexico",0,10,11,10,0,0,0,0,0,179,172,0,0,0,0,0,0,97,88,22,141,115,0,0,0,0,0,0,0,0,0,0,0,0,0,0,0,0,0,0,0,0,0,0,0,0,24,39,35,013,001600,2019
"Census Tract 17.01, Doña Ana County, New Mexico",0,48,171,36,0,0,0,0,0,346,132,0,0,0,0,0,0,393,60,58,295,219,0,0,0,0,0,0,0,0,0,0,0,0,0,0,0,0,0,0,0,0,0,0,0,0,35,0,35,013,001701,2019
"Census Tract 17.03, Doña Ana County, New Mexico",0,45,93,0,0,0,0,0,0,198,40,0,0,0,0,0,0,176,104,51,116,121,0,0,0,0,0,0,0,0,0,0,0,0,0,0,0,0,0,0,0,0,0,0,0,0,0,11,35,013,001703,2019
"Census Tract 18.01, Doña Ana County, New Mexico",0,80,57,73,0,0,0,0,0,340,578,0,0,0,0,0,0,154,139,11,322,73,0,0,0,0,0,0,0,0,0,0,0,0,0,0,0,0,0,0,0,0,0,0,0,0,0,79,35,013,001801,2019
"Census Tract 19, Doña Ana County, New Mexico",254,0,0,0,0,0,22,0,0,0,0,0,0,0,0,0,0,8,0,8,0,8,0,0,0,0,0,0,0,0,0,0,0,0,0,0,0,0,0,0,0,0,0,0,0,0,0,0,35,013,001900,2019
"Census Tract 2.01, Doña Ana County, New Mexico",1072,118,42,0,0,0,0,0,0,181,47,0,0,1,0,0,0,196,92,61,229,212,0,13,0,0,0,0,0,7,0,10,0,0,0,0,0,0,0,0,0,0,0,0,0,0,9,0,35,013,000201,2019
"Census Tract 17.06, Doña Ana County, New Mexico",0,34,42,80,0,0,0,0,0,329,446,0,0,0,0,0,0,147,85,88,113,102,0,0,0,0,0,0,0,0,0,0,0,0,0,0,0,0,0,0,0,0,0,0,0,0,0,0,35,013,001706,2019
"Census Tract 17.07, Doña Ana County, New Mexico",0,8,158,139,0,0,0,0,0,623,764,0,0,0,0,0,0,83,159,0,280,151,0,0,0,0,0,0,0,0,0,0,8,0,0,0,0,0,0,0,0,0,0,0,0,0,0,0,35,013,001707,2019
"Census Tract 18.05, Doña Ana County, New Mexico",0,74,60,64,0,0,0,0,0,304,294,0,0,0,0,0,0,80,46,29,112,80,0,0,0,0,0,0,0,0,0,0,0,0,0,0,0,0,0,0,0,0,0,0,0,0,0,6,35,013,001805,2019
"Census Tract 2.02, Doña Ana County, New Mexico",11,69,72,0,0,0,0,0,0,71,66,0,0,0,0,0,0,307,36,43,289,97,0,29,0,0,0,0,16,0,0,15,15,0,0,0,0,0,0,0,0,0,0,0,0,0,17,0,35,013,000202,2019
"Census Tract 13.06, Doña Ana County, New Mexico",20,63,155,4,0,0,0,0,0,20,50,28,0,0,0,0,0,467,151,37,598,190,0,0,0,0,0,0,21,0,0,0,0,0,0,0,0,0,0,0,0,0,0,0,0,0,0,0,35,013,001306,2019
"Census Tract 3, Doña Ana County, New Mexico",0,77,10,0,0,0,0,0,0,56,43,0,0,0,0,0,0,141,46,19,211,41,0,0,0,0,0,0,0,0,0,0,0,0,0,0,0,0,0,0,0,0,0,0,0,0,0,0,35,013,000300,2019
"Census Tract 4.01, Doña Ana County, New Mexico",0,0,30,0,0,0,0,0,0,245,13,0,0,0,13,0,0,207,53,0,136,30,0,0,0,0,0,0,0,0,0,0,0,0,0,0,0,0,0,0,0,0,0,0,0,0,0,10,35,013,000401,2019
"Census Tract 5, Doña Ana County, New Mexico",134,46,21,0,0,0,0,0,0,38,88,0,0,0,0,0,0,97,42,6,60,88,0,0,0,0,0,0,0,0,0,2,0,0,0,0,0,0,0,0,0,0,0,0,0,0,0,9,35,013,000500,2019
"Census Tract 7, Doña Ana County, New Mexico",0,150,50,0,0,0,0,0,0,129,65,0,0,0,0,0,0,279,55,37,178,91,0,0,0,0,0,0,17,0,0,0,0,0,0,0,0,0,0,0,0,0,0,0,0,0,0,0,35,013,000700,2019
"Census Tract 8, Doña Ana County, New Mexico",0,44,0,0,0,0,0,0,0,129,59,0,0,9,0,0,0,21,44,20,80,71,0,0,0,0,0,0,0,0,0,0,0,8,0,0,0,0,0,0,0,0,0,0,0,0,0,0,35,013,000800,2019
"Census Tract 10, Doña Ana County, New Mexico",2279,131,0,0,0,0,0,0,0,8,0,0,0,0,0,0,0,0,0,0,0,0,0,0,0,0,0,0,0,0,0,0,0,0,0,0,0,0,0,0,0,0,0,0,0,0,0,0,35,013,001000,2019
"Census Tract 17.02, Doña Ana County, New Mexico",0,0,0,0,0,0,0,0,0,82,75,0,0,0,0,0,0,113,16,5,118,42,0,0,0,0,0,0,0,0,0,0,0,0,0,0,0,0,0,0,0,0,0,0,0,0,0,0,35,013,001702,2019
"Census Tract 18.02, Doña Ana County, New Mexico",0,19,127,52,0,0,0,0,0,732,528,0,0,0,0,0,0,152,79,14,180,68,0,0,0,0,0,0,0,6,0,0,0,0,0,0,0,0,0,0,0,0,0,0,0,0,10,0,35,013,001802,2019
"Census Tract 1.07, Bernalillo County, New Mexico",0,148,0,0,0,0,0,0,0,0,0,0,0,0,0,0,0,228,143,10,226,63,0,0,0,0,0,0,0,0,0,0,0,0,0,0,11,0,0,0,0,0,0,0,0,0,0,10,35,001,000107,2019
"Census Tract 1.12, Bernalillo County, New Mexico",0,17,0,0,0,0,0,0,0,0,0,0,0,23,0,0,0,127,67,3,130,94,0,0,5,5,0,0,0,0,0,0,0,0,20,0,0,11,4,0,0,0,0,0,0,0,0,0,35,001,000112,2019
"Census Tract 2.03, Bernalillo County, New Mexico",0,185,0,0,0,0,0,0,0,0,0,0,0,0,0,19,0,58,19,16,85,56,0,0,0,0,0,11,0,0,7,0,0,0,0,0,0,0,0,0,0,0,0,0,0,0,0,0,35,001,000203,2019
"Census Tract 4.02, Bernalillo County, New Mexico",12,2,0,0,0,0,0,0,0,0,0,0,0,0,0,0,0,123,90,46,144,151,0,0,0,0,0,0,0,0,0,0,0,0,0,0,0,0,17,0,0,0,0,0,0,0,0,0,35,001,000402,2019
"Census Tract 9783.01, Socorro County, New Mexico",32,213,23,0,0,0,0,0,0,0,6,0,0,0,0,0,0,153,72,15,107,48,0,0,0,0,0,0,0,0,0,0,5,0,16,0,0,0,0,0,0,0,0,0,0,0,0,8,35,053,978301,2019
"Census Tract 9783.03, Socorro County, New Mexico",0,171,17,0,0,0,0,31,0,88,42,0,0,0,0,0,0,114,33,5,56,45,0,0,0,0,0,0,0,0,0,16,0,0,0,0,0,0,0,0,0,0,0,0,0,0,61,0,35,053,978303,2019
"Census Tract 9783.02, Socorro County, New Mexico",413,166,8,0,0,0,0,0,0,0,0,0,0,64,49,0,0,109,55,5,104,17,0,0,0,0,0,0,0,0,0,0,0,0,0,0,0,108,0,0,0,0,0,0,0,0,12,0,35,053,978302,2019
"Census Tract 9782, Socorro County, New Mexico",0,18,7,7,0,0,0,11,0,0,0,0,0,0,0,0,0,109,40,76,193,16,0,0,0,0,0,0,0,0,0,0,0,0,0,0,0,0,0,0,0,0,0,0,0,0,0,0,35,053,978200,2019
"Census Tract 3, Roosevelt County, New Mexico",888,62,15,3,0,0,0,0,0,10,35,0,0,0,0,0,0,55,65,43,94,97,0,0,4,0,0,0,8,17,0,0,0,0,0,0,0,0,0,0,0,0,0,0,0,0,0,0,35,041,000300,2019
"Census Tract 2, Roosevelt County, New Mexico",98,61,88,69,0,0,0,0,0,60,172,0,0,0,0,0,0,61,19,6,70,52,0,0,0,0,0,0,0,0,0,0,0,0,0,0,0,0,0,0,0,0,0,0,0,0,41,0,35,041,000200,2019
"Census Tract 1, Roosevelt County, New Mexico",32,0,0,0,0,0,0,0,0,35,64,0,0,0,0,0,0,180,16,51,119,67,0,0,0,0,0,0,0,0,0,0,0,0,0,0,0,0,0,0,0,0,0,0,0,0,46,0,35,041,000100,2019
"Census Tract 2, Los Alamos County, New Mexico",0,17,28,0,0,0,0,0,0,0,0,0,19,0,0,0,0,168,124,81,299,77,0,0,0,0,0,0,0,0,0,0,0,0,10,0,0,17,0,0,0,0,0,0,0,0,0,0,35,028,000200,2019
"Census Tract 1, Los Alamos County, New Mexico",0,44,6,0,0,0,0,0,0,0,0,0,0,0,0,0,0,161,123,26,207,91,0,0,0,0,0,0,0,0,0,0,0,0,0,0,0,0,0,0,0,0,0,0,0,0,9,0,35,028,000100,2019
"Census Tract 4, Los Alamos County, New Mexico",101,50,19,0,0,0,0,0,9,0,7,0,0,23,0,0,0,152,80,19,75,63,25,0,0,0,0,0,0,0,0,10,0,9,17,0,0,37,0,0,0,0,0,0,0,0,0,0,35,028,000400,2019
"Census Tract 5, Los Alamos County, New Mexico",0,86,0,0,0,0,0,0,0,0,0,0,0,0,0,0,0,398,130,31,285,246,0,0,0,0,0,0,0,0,0,7,0,0,0,0,0,0,0,0,0,0,0,0,0,0,0,0,35,028,000500,2019
"Census Tract 3, Rio Arriba County, New Mexico",16,0,0,0,0,0,0,0,0,40,52,0,0,0,0,0,0,267,142,23,213,29,0,0,0,0,0,0,0,0,0,0,0,0,0,0,0,0,0,0,0,0,0,0,0,0,67,0,35,039,000300,2019
"Census Tract 4, Rio Arriba County, New Mexico",14,73,6,0,0,0,0,0,0,0,0,0,0,5,0,0,0,194,88,10,137,60,0,0,0,0,0,0,27,0,0,0,0,0,0,0,0,0,0,0,0,0,0,0,0,0,53,22,35,039,000400,2019
"Census Tract 9408, Rio Arriba County, New Mexico",14,1119,34,0,0,0,0,0,0,26,21,0,0,0,0,0,0,190,99,32,182,90,0,0,0,2,0,0,25,28,0,44,27,5,0,0,0,0,0,0,0,0,0,0,0,0,28,11,35,039,940800,2019
"Census Tract 2, Rio Arriba County, New Mexico",5,60,1,0,0,0,0,0,0,40,0,0,0,10,0,0,0,68,113,25,282,27,7,0,0,0,0,0,0,0,0,0,0,0,0,0,0,0,0,0,0,0,0,0,0,0,51,49,35,039,000200,2019
"Census Tract 9407, Rio Arriba County, New Mexico",46,30,22,3,1,0,0,0,0,67,28,0,0,0,0,0,0,132,51,55,195,132,1,0,0,0,0,0,2,0,1,0,0,0,0,0,0,0,0,0,0,0,0,0,0,0,6,15,35,039,940700,2019
"Census Tract 1, Rio Arriba County, New Mexico",5,35,24,0,0,0,0,0,0,0,0,0,0,0,0,0,0,71,27,0,68,9,0,0,0,0,0,0,0,0,0,18,0,0,0,0,0,0,0,0,0,0,0,0,0,0,167,27,35,039,000100,2019
"Census Tract 5, Rio Arriba County, New Mexico",151,145,3,0,0,0,0,0,0,0,7,0,0,0,0,0,0,241,73,23,190,68,0,0,0,2,0,0,0,0,0,11,0,0,0,0,0,0,0,0,0,0,0,0,0,0,91,22,35,039,000500,2019
"Census Tract 2.01, Chaves County, New Mexico",17,50,3,0,0,0,0,0,0,118,0,0,0,0,0,0,0,50,107,22,115,69,0,0,0,0,0,12,17,0,0,0,0,0,0,0,0,0,0,0,0,0,0,0,0,0,0,0,35,005,000201,2019
"Census Tract 2.02, Chaves County, New Mexico",0,41,19,16,0,0,0,0,0,154,29,0,0,0,0,0,0,88,38,8,247,52,15,0,0,15,0,0,0,0,0,0,0,0,0,0,0,0,0,0,0,0,0,0,0,0,16,0,35,005,000202,2019
"Census Tract 10.01, Chaves County, New Mexico",97,7,6,13,0,0,0,0,0,29,19,0,0,0,0,0,0,239,112,71,346,123,0,0,0,5,0,0,0,0,0,0,0,0,0,0,0,0,0,0,0,0,0,0,0,0,18,5,35,005,001001,2019
"Census Tract 10.02, Chaves County, New Mexico",37,25,29,0,16,0,0,0,0,0,66,0,0,0,0,0,0,262,169,50,343,205,0,0,0,0,0,0,22,0,0,0,0,0,0,0,0,0,0,0,0,0,0,0,0,0,0,27,35,005,001002,2019
"Census Tract 11.01, Chaves County, New Mexico",420,318,43,11,0,0,0,0,0,465,163,0,0,0,0,0,0,177,52,35,108,55,0,0,0,0,0,0,0,0,0,0,0,0,0,0,0,0,0,0,0,0,0,0,0,0,0,22,35,005,001101,2019
"Census Tract 11.02, Chaves County, New Mexico",0,70,21,0,0,0,0,0,0,91,30,0,0,0,0,0,0,189,151,24,188,81,0,0,0,0,0,6,3,0,39,28,0,0,0,0,0,0,0,0,0,0,0,0,0,0,0,5,35,005,001102,2019
"Census Tract 9461, Cibola County, New Mexico",88,3812,0,0,0,0,0,14,6,0,0,0,0,0,0,0,0,0,0,11,0,0,0,0,0,0,0,0,164,65,25,227,121,27,0,0,0,0,0,0,0,0,0,0,0,0,0,0,35,006,946100,2019
"Census Tract 9747, Cibola County, New Mexico",433,447,65,0,0,0,0,0,4,3,37,2,11,0,0,0,0,305,91,56,143,155,0,0,4,0,0,0,1,4,0,8,33,0,0,0,0,0,0,0,0,0,0,0,0,0,0,0,35,006,974700,2019
"Census Tract 6.02, Curry County, New Mexico",19,88,0,0,0,0,0,0,0,53,58,0,0,0,0,0,0,199,50,10,159,64,0,0,0,0,0,0,0,0,0,0,0,0,0,0,0,0,0,0,0,0,0,0,0,0,0,4,35,009,000602,2019
"Census Tract 3.03, Curry County, New Mexico",8,52,0,0,0,0,0,0,0,6,10,0,0,0,0,0,0,122,111,12,138,83,0,0,18,0,0,0,0,0,0,0,0,0,0,0,0,0,0,0,0,0,0,0,0,0,40,12,35,009,000303,2019
"Census Tract 3.04, Curry County, New Mexico",0,41,0,0,0,0,0,0,0,0,0,0,0,0,0,0,0,244,124,47,256,218,0,0,0,0,0,0,0,16,0,0,0,0,0,0,0,0,0,0,0,0,0,0,66,0,0,0,35,009,000304,2019
"Census Tract 6.01, Curry County, New Mexico",0,62,0,0,0,0,0,0,0,0,14,0,0,0,0,0,0,68,63,4,66,54,0,0,0,0,0,0,0,0,0,0,0,0,0,0,0,0,0,0,0,0,0,0,0,0,0,0,35,009,000601,2019
"Census Tract 6.03, Curry County, New Mexico",0,11,46,0,7,0,0,0,0,157,116,0,0,0,0,0,0,116,192,12,152,78,0,0,0,0,0,0,0,0,0,0,0,0,0,0,0,0,0,0,0,0,0,0,0,0,49,0,35,009,000603,2019
"Census Tract 6, Luna County, New Mexico",350,61,30,0,0,0,0,0,0,105,345,0,5,0,0,0,0,91,87,10,72,97,0,0,0,0,0,0,0,0,0,0,0,0,0,0,0,0,0,0,0,0,0,0,0,0,13,12,35,029,000600,2019
"Census Tract 3, Luna County, New Mexico",59,25,17,0,0,0,0,0,2,57,85,0,0,0,0,0,0,70,100,41,86,147,0,0,0,6,0,0,0,9,0,7,0,9,0,0,0,0,0,0,0,0,0,0,0,0,27,0,35,029,000300,2019
"Census Tract 2, Luna County, New Mexico",0,46,0,0,0,0,0,0,0,115,278,0,0,0,0,0,0,101,170,20,134,275,0,0,0,22,0,0,0,0,0,0,18,0,0,0,0,15,0,0,0,0,0,0,0,0,0,0,35,029,000200,2019
"Census Tract 4, Luna County, New Mexico",4,78,70,34,0,0,0,0,0,270,388,0,0,0,0,0,0,352,194,33,432,136,0,0,0,0,0,0,0,0,0,0,0,0,0,0,0,0,0,0,0,0,0,0,0,0,0,0,35,029,000400,2019
"Census Tract 9453, McKinley County, New Mexico",53,1942,15,0,0,0,0,0,21,44,18,0,0,11,0,0,0,64,0,28,70,18,0,13,0,12,0,0,0,0,0,0,55,0,0,0,0,0,0,0,0,0,0,0,0,0,23,0,35,031,945300,2019
"Census Tract 9454, McKinley County, New Mexico",5,752,0,0,0,0,0,0,0,7,0,0,0,0,0,0,0,165,31,0,67,33,0,0,0,0,0,0,0,0,0,46,0,13,11,0,0,18,0,0,0,0,0,0,0,0,0,6,35,031,945400,2019
"Census Tract 9455, McKinley County, New Mexico",71,1944,0,0,0,0,0,21,13,0,0,0,0,0,0,31,0,243,55,72,162,107,0,0,0,12,0,0,64,13,0,38,25,16,0,0,0,0,0,0,0,0,0,0,0,0,0,0,35,031,945500,2019
"Census Tract 9460, McKinley County, New Mexico",0,4437,0,0,0,0,0,107,14,0,0,0,0,0,0,0,0,69,21,5,53,0,0,0,0,0,0,0,102,31,9,275,86,24,0,0,0,0,0,0,0,0,0,0,0,0,0,0,35,031,946000,2019
"Census Tract 9437, McKinley County, New Mexico",63,3988,0,0,0,0,0,97,27,0,0,0,0,0,0,0,0,0,0,0,0,0,0,0,0,0,0,0,142,66,32,153,86,47,0,0,0,0,0,0,0,0,0,0,0,0,0,0,35,031,943700,2019
"Census Tract 9457, McKinley County, New Mexico",0,1929,0,0,0,0,0,76,40,0,0,0,0,0,0,0,0,0,0,0,3,0,0,0,0,0,0,0,64,36,4,75,17,15,0,0,0,0,0,0,0,0,0,0,0,0,0,0,35,031,945700,2019
"Census Tract 9403, McKinley County, New Mexico",22,7161,0,0,0,0,0,168,0,0,0,0,0,7,0,0,0,8,0,0,0,0,0,0,0,0,0,0,169,53,26,353,143,38,0,0,0,0,0,0,0,0,0,0,0,0,0,0,35,031,940300,2019
"Census Tract 9436, McKinley County, New Mexico",0,5428,0,0,0,0,0,103,70,0,0,0,0,0,0,0,0,3,0,0,0,0,0,3,0,0,0,0,164,38,40,201,105,21,0,0,0,0,0,0,0,0,0,0,0,0,0,0,35,031,943600,2019
"Census Tract 9452, McKinley County, New Mexico",82,3800,0,0,0,0,0,41,0,0,0,0,0,0,0,0,0,18,60,6,39,91,0,15,0,16,0,0,67,49,0,54,61,0,12,0,0,0,0,0,0,0,0,0,0,0,0,0,35,031,945200,2019
"Census Tract 9456, McKinley County, New Mexico",291,2449,0,0,0,0,0,34,10,59,0,0,0,0,0,0,0,60,48,3,54,60,0,0,0,0,0,3,87,31,35,85,10,30,0,0,0,0,0,0,0,3,0,0,0,0,0,0,35,031,945600,2019
"Census Tract 9435, McKinley County, New Mexico",77,3604,0,0,0,0,0,73,41,0,0,0,0,0,0,0,0,6,0,3,7,0,0,0,0,0,0,0,99,73,46,157,124,25,0,0,0,0,0,0,0,0,0,1,0,0,0,0,35,031,943500,2019
"Census Tract 9572, San Miguel County, New Mexico",18,22,177,0,0,0,0,0,0,33,0,0,0,0,0,0,0,88,43,27,129,69,0,0,0,0,0,0,0,0,8,0,0,0,0,0,0,0,0,0,0,0,0,0,0,0,56,26,35,047,957200,2019
"Census Tract 9574, San Miguel County, New Mexico",234,82,137,0,0,0,0,0,0,74,0,0,0,0,0,0,0,118,41,13,115,114,1,0,0,0,0,0,0,0,0,0,0,0,0,13,0,0,0,0,0,0,0,0,0,0,52,47,35,047,957400,2019
"Census Tract 9573, San Miguel County, New Mexico",559,77,30,0,0,0,0,4,0,10,0,0,0,5,0,0,0,56,50,38,191,78,0,0,0,0,0,0,11,0,0,5,0,0,0,0,0,0,0,0,0,0,0,0,0,0,88,0,35,047,957300,2019
"Census Tract 9577, San Miguel County, New Mexico",27,9,0,0,0,0,0,0,0,0,0,0,0,0,0,0,0,162,48,10,18,65,0,0,0,0,0,0,0,0,0,0,0,0,0,0,0,0,12,0,0,0,0,0,0,0,40,32,35,047,957700,2019
"Census Tract 9575, San Miguel County, New Mexico",231,56,238,0,14,0,0,0,0,35,0,0,0,8,0,0,0,140,133,38,184,102,0,0,0,0,0,0,20,0,0,0,0,0,0,0,0,0,0,0,0,0,0,0,0,0,129,43,35,047,957500,2019
"Census Tract 9576, San Miguel County, New Mexico",31,22,152,0,9,0,0,14,0,30,0,0,0,0,0,0,0,251,169,0,361,86,0,0,0,0,0,0,0,0,0,0,0,0,0,0,0,0,0,0,0,0,0,0,0,0,122,0,35,047,957600,2019
"Census Tract 9578, San Miguel County, New Mexico",521,114,104,0,9,0,0,0,0,26,25,0,0,0,0,0,0,238,74,0,146,101,0,0,0,0,0,0,0,0,0,0,0,0,0,0,0,0,0,0,0,0,0,0,0,0,18,30,35,047,957800,2019
"Census Tract 9703.02, Valencia County, New Mexico",0,26,67,0,0,0,0,0,0,14,9,0,0,0,0,0,0,149,54,14,168,68,18,0,0,10,0,0,0,0,0,0,0,0,0,0,0,0,0,0,0,0,0,0,0,0,34,7,35,061,970302,2019
"Census Tract 9704.01, Valencia County, New Mexico",137,119,30,0,0,0,0,0,0,102,14,0,0,0,0,0,0,256,40,44,253,51,0,0,0,0,0,0,0,0,0,11,0,0,0,0,0,0,0,0,0,0,0,0,0,0,22,43,35,061,970401,2019
"Census Tract 9702, Valencia County, New Mexico",0,306,0,0,0,0,0,0,0,0,52,0,0,0,0,0,0,286,96,73,182,148,8,0,0,0,0,0,0,10,0,21,69,0,5,0,0,0,4,0,0,0,0,0,0,0,0,0,35,061,970200,2019
"Census Tract 9711, Valencia County, New Mexico",0,0,0,0,0,0,0,0,0,42,42,0,0,0,0,0,0,63,11,5,79,12,0,0,0,0,0,0,0,0,0,0,0,0,0,0,0,0,0,0,0,0,0,0,0,0,0,0,35,061,971100,2019
"Census Tract 9704.04, Valencia County, New Mexico",0,76,14,0,0,0,0,0,0,26,0,0,0,0,0,0,0,242,149,17,259,121,12,15,0,11,0,0,20,0,0,0,0,0,0,0,0,6,0,0,0,0,0,0,0,0,14,0,35,061,970404,2019
"Census Tract 9704.05, Valencia County, New Mexico",4,12,0,0,0,0,0,0,0,26,0,0,0,0,0,0,0,127,139,1,256,68,0,15,0,16,0,0,0,0,0,0,0,0,0,0,0,0,0,0,0,0,0,0,0,0,13,0,35,061,970405,2019
"Census Tract 9624.01, Sierra County, New Mexico",0,0,0,0,0,0,0,0,0,0,0,0,0,0,0,0,0,366,187,56,265,232,0,0,0,0,0,0,0,0,0,0,0,0,0,0,0,0,0,0,0,0,0,0,0,0,0,0,35,051,962401,2019
"Census Tract 9400, Socorro County, New Mexico",0,1252,4,0,0,0,0,156,0,0,0,0,0,0,0,0,0,3,0,0,0,0,0,0,0,0,0,0,127,14,0,13,2,2,0,0,0,0,0,0,0,0,0,0,0,0,0,0,35,053,940000,2019
"Census Tract 9713, Valencia County, New Mexico",8,75,14,8,0,0,0,0,0,90,0,0,0,0,0,0,0,80,77,7,93,67,0,0,0,0,0,0,0,0,0,0,0,0,0,0,0,0,0,0,0,0,0,0,0,0,0,2,35,061,971300,2019
"Census Tract 9714, Valencia County, New Mexico",0,119,0,0,0,0,0,0,0,0,0,0,0,5,0,0,0,128,38,36,86,68,0,0,0,0,0,0,0,0,0,15,0,0,0,0,0,0,22,0,0,0,0,0,0,0,0,0,35,061,971400,2019
"Census Tract 7.08, San Juan County, New Mexico",0,1006,0,0,0,0,0,0,24,20,30,0,0,0,0,0,0,170,130,9,160,66,17,0,0,13,0,0,0,0,0,9,58,0,0,0,0,0,0,0,0,0,0,0,0,0,0,0,35,045,000708,2019
"Census Tract 9, San Juan County, New Mexico",0,85,0,0,0,0,0,0,0,34,0,0,0,0,0,0,0,62,31,6,93,14,0,0,0,0,0,0,0,0,0,0,0,0,0,0,0,0,0,0,0,0,0,0,0,0,25,0,35,045,000900,2019
"Census Tract 9428.01, San Juan County, New Mexico",0,2584,0,0,0,0,0,47,25,0,0,0,0,3,0,0,0,2,2,0,2,0,0,0,0,0,0,0,90,32,17,98,68,18,0,0,0,0,3,0,0,0,0,0,0,0,0,0,35,045,942801,2019
"Census Tract 9428.02, San Juan County, New Mexico",90,6706,3,0,0,0,0,111,46,0,3,0,0,0,0,0,0,4,0,0,0,11,0,0,0,0,0,0,272,30,22,257,128,38,0,0,0,0,0,0,0,9,0,0,0,0,0,0,35,045,942802,2019
"Census Tract 9428.03, San Juan County, New Mexico",0,2442,0,0,0,0,0,45,10,0,0,0,0,9,0,0,0,0,0,0,0,0,0,0,0,0,0,0,60,24,13,84,47,8,0,0,0,0,0,0,0,0,0,0,0,0,0,0,35,045,942803,2019
"Census Tract 9432.01, San Juan County, New Mexico",0,4157,0,0,0,0,0,165,45,0,24,0,0,0,0,0,0,22,47,0,24,12,0,0,0,0,0,0,156,97,38,164,117,55,0,0,0,0,0,0,0,0,0,0,0,0,27,0,35,045,943201,2019
"Census Tract 9433, San Juan County, New Mexico",0,388,5,0,5,0,0,19,0,0,0,0,0,0,0,0,0,100,43,11,99,32,0,0,0,0,0,0,0,0,0,0,4,0,0,0,0,6,0,0,0,0,0,0,0,0,0,0,35,045,943300,2019
"Census Tract 12.04, Santa Fe County, New Mexico",9,19,152,140,0,0,0,0,0,667,358,0,0,0,0,0,0,182,0,27,177,31,0,0,0,0,0,0,0,0,0,0,0,0,0,0,0,0,0,0,0,0,0,0,0,0,22,0,35,049,001204,2019
"Census Tract 12.05, Santa Fe County, New Mexico",11,95,63,65,0,0,0,0,0,453,534,0,0,0,0,0,0,180,25,0,147,14,0,0,0,0,0,0,0,0,0,0,0,0,0,0,0,0,0,0,0,0,0,0,0,0,0,0,35,049,001205,2019
"Census Tract 13.01, Santa Fe County, New Mexico",0,121,21,0,0,0,0,0,0,11,10,0,0,0,0,0,0,84,13,0,75,19,0,0,0,9,0,0,7,0,0,18,0,0,0,0,0,0,0,0,0,0,0,0,0,0,0,0,35,049,001301,2019
"Census Tract 13.02, Santa Fe County, New Mexico",0,78,19,0,6,0,0,0,0,111,74,0,0,0,0,0,0,45,29,22,10,34,0,0,0,0,0,0,20,0,0,0,0,0,0,0,0,0,0,0,0,0,0,0,0,0,7,0,35,049,001302,2019
"Census Tract 13.03, Santa Fe County, New Mexico",0,131,0,0,0,0,0,0,0,155,108,0,0,5,0,0,0,210,54,0,381,105,0,0,0,0,0,0,0,0,0,0,0,0,24,0,0,0,0,0,0,0,0,0,0,0,0,0,35,049,001303,2019
"Census Tract 1.01, Santa Fe County, New Mexico",0,29,14,0,0,0,0,0,0,0,0,0,0,0,0,0,0,400,292,139,642,379,0,0,0,0,0,0,0,29,0,0,0,0,0,0,0,33,0,0,0,0,0,0,0,0,0,0,35,049,000101,2019
"Census Tract 8, Santa Fe County, New Mexico",0,67,17,0,0,0,8,0,0,0,0,0,0,0,0,0,0,167,81,49,258,83,0,0,0,11,0,0,0,0,0,0,0,0,0,0,0,0,0,0,0,0,0,0,0,0,0,0,35,049,000800,2019
"Census Tract 10.01, Santa Fe County, New Mexico",270,29,4,0,0,0,0,0,0,0,0,0,0,0,0,0,0,166,67,42,168,104,22,0,0,0,0,0,9,0,0,0,0,0,8,0,0,0,0,0,0,0,0,0,0,0,12,27,35,049,001001,2019
"Census Tract 11.02, Santa Fe County, New Mexico",81,116,20,0,0,0,0,0,0,18,27,0,0,0,0,0,0,257,121,38,213,167,0,4,0,14,0,0,11,0,0,0,0,0,0,0,0,0,0,0,0,0,0,0,0,0,9,0,35,049,001102,2019
"Census Tract 12.02, Santa Fe County, New Mexico",92,29,103,52,0,0,19,0,0,563,318,0,0,0,0,0,0,121,108,18,296,167,0,0,0,26,0,0,0,0,0,0,0,0,0,0,0,24,0,0,0,0,0,0,0,0,18,0,35,049,001202,2019
"Census Tract 7, Santa Fe County, New Mexico",83,55,7,0,0,0,0,0,0,27,20,0,0,0,0,0,0,154,50,7,89,67,8,9,0,11,0,0,9,0,0,8,0,0,0,0,0,0,0,0,0,0,0,0,0,0,8,0,35,049,000700,2019
"Census Tract 9709.01, Valencia County, New Mexico",89,347,11,6,0,0,0,0,0,31,16,0,0,0,0,0,0,165,42,37,292,61,17,0,0,14,0,0,0,0,0,0,0,3,0,0,0,0,0,0,0,0,0,0,0,0,47,7,35,061,970901,2019
"Census Tract 9709.02, Valencia County, New Mexico",23,33,0,0,0,0,0,0,0,18,0,0,0,0,0,0,0,87,68,0,119,132,0,0,0,0,22,0,0,0,0,0,0,0,0,0,0,0,0,0,0,0,0,0,0,0,8,8,35,061,970902,2019
"Census Tract 9701.02, Valencia County, New Mexico",0,26,0,0,0,0,0,0,0,23,26,0,0,0,0,0,0,308,49,59,315,155,0,0,0,0,0,0,0,0,0,0,0,0,0,0,0,26,0,0,0,0,0,0,0,0,0,17,35,061,970102,2019
"Census Tract 9707, Valencia County, New Mexico",1125,225,0,0,0,0,0,0,0,26,0,0,0,0,0,0,0,450,62,59,280,224,14,0,0,0,0,0,0,0,0,0,0,0,0,0,0,0,0,0,0,0,0,0,0,0,25,0,35,061,970700,2019
"Census Tract 9703.01, Valencia County, New Mexico",8,151,74,0,0,0,0,0,0,449,281,0,0,0,0,0,0,91,91,40,221,35,0,0,0,0,0,0,0,0,0,0,0,0,0,0,0,0,0,0,0,0,0,0,0,0,29,11,35,061,970301,2019
"Census Tract 9701.01, Valencia County, New Mexico",0,43,22,27,0,0,0,0,0,131,161,0,0,0,0,0,0,133,26,8,130,47,0,0,0,0,0,0,0,0,0,0,9,0,0,0,0,0,0,0,0,0,0,0,0,0,10,0,35,061,970101,2019
"Census Tract 9703.03, Valencia County, New Mexico",47,65,20,17,0,0,0,0,0,21,0,0,0,0,0,0,0,290,230,0,355,264,0,0,0,0,0,0,36,0,29,0,0,0,0,0,0,0,0,0,0,0,0,0,0,0,0,0,35,061,970303,2019
"Census Tract 9710, Valencia County, New Mexico",0,117,44,0,0,0,0,0,0,0,0,0,0,0,0,0,0,182,156,126,297,244,22,0,0,0,0,0,0,0,23,0,17,0,13,0,0,13,0,0,0,0,0,0,0,0,0,20,35,061,971000,2019
"Census Tract 9403, Valencia County, New Mexico",0,936,0,0,0,0,0,0,0,0,0,0,0,0,0,0,0,0,5,0,0,6,0,0,0,0,0,0,30,23,0,25,26,18,0,0,0,0,0,0,0,0,0,0,0,0,0,0,35,061,940300,2019
"Census Tract 9708, Valencia County, New Mexico",5,581,36,0,0,0,0,0,0,0,0,0,0,0,0,0,0,332,118,69,213,113,0,0,0,1,0,0,0,0,0,0,0,0,0,0,0,0,0,0,0,0,0,0,0,0,0,17,35,061,970800,2019
"Census Tract 9632.01, Torrance County, New Mexico",0,3,39,0,0,0,0,0,0,0,45,0,0,0,0,0,0,137,105,14,229,72,0,0,0,0,0,0,0,0,0,3,0,0,0,0,0,0,0,0,0,0,0,0,0,0,0,0,35,057,963201,2019
"Census Tract 9632.02, Torrance County, New Mexico",0,20,5,0,0,0,0,0,0,15,0,0,0,0,0,0,0,260,50,26,95,54,19,0,0,0,0,0,0,0,0,0,0,0,0,0,0,0,0,0,0,0,0,0,0,0,0,0,35,057,963202,2019
"Census Tract 6.03, Bernalillo County, New Mexico",0,339,10,0,10,0,0,0,0,515,217,0,0,33,0,0,0,28,31,24,72,81,0,0,0,0,0,0,0,0,0,0,0,0,11,0,0,11,0,0,0,0,0,0,0,0,30,0,35,001,000603,2019
"Census Tract 7.08, Bernalillo County, New Mexico",0,287,0,0,0,0,0,0,0,112,95,0,0,0,0,13,0,155,100,96,279,160,0,0,0,0,0,0,0,0,0,0,18,0,35,20,0,0,0,0,0,0,0,0,0,0,12,16,35,001,000708,2019
"Census Tract 9.03, Bernalillo County, New Mexico",76,768,0,0,0,0,0,11,0,109,18,0,0,20,0,0,0,149,0,18,210,51,16,0,0,0,0,0,0,0,0,12,0,0,0,0,0,0,0,0,0,0,0,0,0,0,0,0,35,001,000903,2019
"Census Tract 12, Bernalillo County, New Mexico",0,194,0,0,35,0,0,0,0,195,166,0,0,166,20,0,0,89,24,12,82,14,0,0,16,28,17,0,0,0,0,0,0,0,0,31,17,0,28,0,0,0,0,0,0,0,0,11,35,001,001200,2019
"Census Tract 19, Bernalillo County, New Mexico",87,37,0,0,0,0,0,0,0,0,0,0,0,0,0,0,0,92,24,8,61,27,0,0,0,0,0,0,0,0,0,0,0,0,0,0,0,0,0,0,0,0,0,0,0,0,0,0,35,001,001900,2019
"Census Tract 24.02, Bernalillo County, New Mexico",5,497,122,29,0,0,0,0,0,305,43,0,0,0,0,0,0,123,95,0,300,211,17,0,0,0,0,0,0,0,0,0,0,0,0,0,0,0,0,0,0,0,0,0,0,0,71,0,35,001,002402,2019
"Census Tract 37.24, Bernalillo County, New Mexico",5,50,22,0,0,0,0,0,0,0,0,0,0,20,0,0,0,253,99,18,185,205,0,0,0,0,27,0,0,4,0,0,0,0,0,16,0,13,11,0,0,0,0,0,0,0,42,0,35,001,003724,2019
"Census Tract 37.25, Bernalillo County, New Mexico",114,212,0,0,0,0,0,0,0,0,0,0,0,0,0,0,0,213,58,0,292,183,0,0,0,14,0,5,0,0,6,0,0,0,0,0,0,0,0,0,0,0,0,0,0,0,0,6,35,001,003725,2019
"Census Tract 37.29, Bernalillo County, New Mexico",14,51,11,0,0,0,0,0,0,10,0,6,0,0,9,0,0,127,64,0,136,39,6,0,0,4,0,0,0,0,0,5,0,0,0,0,0,0,9,0,0,0,0,0,0,0,0,7,35,001,003729,2019
"Census Tract 45.02, Bernalillo County, New Mexico",2,382,71,0,0,0,0,18,0,232,162,0,0,0,0,0,0,147,55,49,256,104,0,0,0,0,0,0,0,0,0,18,0,0,0,0,0,0,0,0,0,0,0,0,0,0,21,0,35,001,004502,2019
"Census Tract 46.02, Bernalillo County, New Mexico",0,86,0,0,0,0,0,0,0,0,0,0,0,0,0,0,0,189,124,29,174,99,0,0,0,0,0,0,0,0,0,0,0,0,10,0,0,0,0,22,0,0,0,0,0,0,28,21,35,001,004602,2019
"Census Tract 46.03, Bernalillo County, New Mexico",45,249,34,0,0,0,0,0,0,147,66,0,0,0,0,0,0,134,186,8,281,25,0,0,0,0,0,0,0,6,0,24,8,0,0,0,0,14,0,0,0,0,0,0,0,0,13,0,35,001,004603,2019
"Census Tract 47.16, Bernalillo County, New Mexico",0,148,19,0,0,0,0,0,27,0,14,0,0,0,0,0,0,55,23,9,103,41,10,0,0,0,0,0,0,0,0,0,0,7,0,0,0,0,0,0,0,0,0,0,0,0,40,0,35,001,004716,2019
"Census Tract 47.22, Bernalillo County, New Mexico",218,550,0,0,0,0,0,0,0,72,0,0,0,0,0,0,0,193,105,0,313,125,0,0,0,0,0,0,0,0,0,0,0,0,0,0,0,0,0,0,0,0,0,0,0,0,0,0,35,001,004722,2019
"Census Tract 47.24, Bernalillo County, New Mexico",0,96,0,0,0,0,0,0,0,0,0,0,0,28,0,0,0,205,22,39,112,45,0,0,0,0,0,0,0,7,0,25,0,0,0,0,0,0,0,0,0,0,0,0,0,0,0,0,35,001,004724,2019
"Census Tract 47.27, Bernalillo County, New Mexico",7,11,4,0,0,0,0,0,0,8,0,0,0,0,0,15,0,134,34,0,93,48,13,0,0,5,0,0,0,0,0,0,0,0,0,0,0,0,0,0,0,0,0,0,0,0,0,0,35,001,004727,2019
"Census Tract 9.04, Bernalillo County, New Mexico",63,388,0,0,0,0,0,0,0,126,50,0,0,117,0,0,0,157,61,14,76,69,26,0,0,6,13,0,0,0,0,18,0,0,37,0,0,10,0,0,15,0,0,0,0,0,39,0,35,001,000904,2019
"Census Tract 11.01, Bernalillo County, New Mexico",3,67,0,0,0,0,0,0,0,42,38,0,0,0,0,0,0,202,117,55,207,98,58,0,0,0,0,0,0,0,0,0,0,0,0,0,0,20,0,0,0,0,0,0,0,0,13,0,35,001,001101,2019
"Census Tract 13, Bernalillo County, New Mexico",15,233,9,0,0,0,0,0,16,311,277,0,0,0,0,0,0,103,55,9,89,113,9,0,0,25,38,0,0,5,0,5,12,16,0,0,0,0,0,0,0,0,0,0,0,0,48,23,35,001,001300,2019
"Census Tract 20, Bernalillo County, New Mexico",20,176,17,0,0,0,0,0,0,11,3,28,0,0,0,0,0,46,15,0,98,21,0,0,0,0,0,15,0,0,0,0,0,0,0,0,0,0,0,0,0,0,0,0,0,0,8,0,35,001,002000,2019
"Census Tract 37.07, Bernalillo County, New Mexico",6,171,36,0,0,0,0,45,0,0,0,12,0,0,0,0,0,228,86,21,171,142,0,0,0,0,0,0,0,26,0,0,35,0,0,0,0,0,0,0,0,0,0,0,0,0,8,0,35,001,003707,2019
"Census Tract 37.21, Bernalillo County, New Mexico",0,37,11,0,0,0,0,0,0,0,0,19,0,0,0,0,0,531,343,53,733,210,0,0,0,0,0,0,0,0,0,0,0,0,11,0,0,140,0,0,0,0,0,0,0,0,0,0,35,001,003721,2019
"Census Tract 37.30, Bernalillo County, New Mexico",0,16,26,0,0,0,0,0,0,0,0,0,0,39,0,0,0,255,89,21,240,151,0,0,0,0,0,0,0,0,0,0,0,0,32,0,0,15,11,0,0,0,0,0,0,0,0,0,35,001,003730,2019
"Census Tract 37.32, Bernalillo County, New Mexico",0,17,0,0,0,0,0,0,0,0,0,25,0,80,0,0,0,278,191,0,267,68,19,0,0,0,0,0,0,0,0,0,0,0,10,19,0,0,0,0,0,0,0,0,0,0,19,0,35,001,003732,2019
"Census Tract 1.26, Bernalillo County, New Mexico",0,137,12,0,0,0,0,0,0,0,0,0,0,0,0,0,0,135,62,17,192,86,0,0,0,0,0,0,0,0,0,0,0,0,0,0,0,16,0,0,0,0,0,0,0,0,6,0,35,001,000126,2019
"Census Tract 2.04, Bernalillo County, New Mexico",14,132,0,0,0,0,0,0,0,49,0,0,0,15,0,0,0,49,80,8,143,72,8,8,0,7,6,0,0,0,0,10,0,0,7,0,0,0,0,0,0,0,0,0,0,0,21,17,35,001,000204,2019
"Census Tract 2.07, Bernalillo County, New Mexico",47,53,9,0,0,0,0,0,0,0,0,0,0,11,14,0,0,125,65,23,151,68,0,16,0,0,13,0,0,0,0,0,0,0,0,10,0,0,14,0,0,0,0,0,0,0,32,0,35,001,000207,2019
"Census Tract 7.07, Bernalillo County, New Mexico",58,100,0,0,0,0,0,0,0,418,181,0,0,0,0,0,0,147,87,30,298,99,0,10,0,0,0,0,12,0,0,0,0,0,0,0,0,0,0,0,0,0,0,0,0,0,28,0,35,001,000707,2019
"Census Tract 16, Bernalillo County, New Mexico",9,329,0,0,0,0,0,0,0,10,0,0,0,13,0,0,0,55,1,0,0,27,0,0,0,0,0,0,27,0,0,27,0,0,0,0,0,0,0,0,0,0,0,0,0,0,0,0,35,001,001600,2019
"Census Tract 37.18, Bernalillo County, New Mexico",0,151,12,0,0,0,0,0,0,0,0,0,0,11,0,0,0,73,12,12,142,78,0,0,0,0,0,0,0,0,0,0,0,0,28,0,0,36,0,61,0,0,0,0,0,0,0,0,35,001,003718,2019
"Census Tract 7.11, Bernalillo County, New Mexico",5,158,10,0,0,0,0,0,0,0,0,0,0,0,0,0,0,287,77,38,241,82,10,0,0,1,0,0,0,0,0,1,0,0,0,0,0,0,0,0,0,0,0,0,0,0,0,0,35,001,000711,2019
"Census Tract 11.07, Santa Fe County, New Mexico",11,80,0,0,0,0,0,0,0,149,0,0,0,0,0,0,0,207,156,0,306,200,0,0,0,0,0,0,0,11,0,0,11,0,0,0,0,0,0,0,0,0,0,0,0,0,0,15,35,049,001107,2019
"Census Tract 103.04, Santa Fe County, New Mexico",0,242,26,0,0,0,0,0,0,87,87,0,0,0,0,0,0,427,167,15,371,111,9,0,0,0,0,0,10,0,0,8,0,0,0,18,0,0,50,0,0,0,0,0,0,0,9,0,35,049,010304,2019
"Census Tract 10.02, Santa Fe County, New Mexico",0,49,93,0,0,0,0,0,0,130,152,0,0,0,0,0,0,168,11,23,166,131,0,0,0,0,0,0,0,0,0,0,0,0,0,0,0,0,0,0,0,0,0,0,0,0,0,0,35,049,001002,2019
"Census Tract 104, Santa Fe County, New Mexico",520,26,0,0,0,0,0,0,0,0,0,0,0,0,0,0,0,391,156,73,362,235,0,0,0,0,0,0,0,0,0,0,0,0,0,0,0,40,16,0,0,0,0,0,0,0,10,0,35,049,010400,2019
"Census Tract 11.03, Santa Fe County, New Mexico",111,15,0,0,0,0,0,0,0,52,25,0,0,0,0,0,0,95,45,2,142,48,6,0,0,0,0,0,0,0,0,0,0,0,0,0,0,0,0,0,0,0,0,0,0,0,5,0,35,049,001103,2019
"Census Tract 6, Santa Fe County, New Mexico",0,34,7,0,0,0,0,0,0,0,0,0,0,0,0,0,0,159,25,13,205,88,0,0,0,0,0,0,0,0,0,0,0,0,0,0,0,0,0,0,0,0,0,0,0,0,0,0,35,049,000600,2019
"Census Tract 1, Harding County, New Mexico",0,0,1,0,0,0,0,0,0,4,0,0,0,0,0,0,0,66,36,12,27,10,0,0,0,0,0,0,0,0,0,0,0,0,0,0,0,0,0,0,0,0,0,0,0,0,3,1,35,021,000100,2019
"Census Tract 9552, Mora County, New Mexico",12,12,152,0,3,0,0,0,0,14,17,0,0,0,0,0,0,190,88,28,359,127,0,0,0,2,0,0,2,0,0,0,0,0,0,0,0,0,0,0,0,0,0,0,0,0,169,47,35,033,955200,2019
"Census Tract 18.06, Doña Ana County, New Mexico",0,0,73,108,0,0,0,0,0,402,500,0,0,0,0,0,0,180,7,18,120,45,12,0,0,0,0,0,0,0,0,0,0,0,0,0,0,13,0,0,0,0,0,0,0,0,0,0,35,013,001806,2019
"Census Tract 11.03, Doña Ana County, New Mexico",0,27,0,0,0,0,0,0,0,117,69,0,0,0,0,0,0,177,45,118,178,94,0,0,0,0,0,0,0,0,0,0,0,0,15,0,0,14,14,0,0,0,0,0,0,0,0,0,35,013,001103,2019
"Census Tract 11.04, Doña Ana County, New Mexico",0,272,51,0,8,0,0,0,0,185,40,0,0,0,0,0,0,192,79,0,147,89,0,0,0,0,0,0,0,0,0,24,0,0,0,0,0,0,0,0,0,0,0,0,0,0,8,0,35,013,001104,2019
"Census Tract 12.04, Doña Ana County, New Mexico",0,23,12,0,0,0,0,0,0,123,0,0,0,18,0,0,0,462,199,8,335,178,0,0,0,0,0,0,0,0,0,0,0,0,11,9,0,0,9,0,0,0,0,12,0,0,0,0,35,013,001204,2019
"Census Tract 13.04, Doña Ana County, New Mexico",0,76,53,0,0,0,0,0,0,118,438,0,0,18,0,0,0,237,58,35,272,61,0,0,0,21,29,0,0,0,0,0,0,0,0,0,0,0,0,0,0,0,0,0,0,0,73,41,35,013,001304,2019
"Census Tract 13.07, Doña Ana County, New Mexico",0,31,66,0,20,0,0,0,0,221,224,0,0,0,0,0,0,230,221,30,261,145,0,0,0,29,0,0,0,0,0,0,0,0,0,21,0,0,0,0,0,0,0,0,0,0,0,14,35,013,001307,2019
"Census Tract 12.01, Doña Ana County, New Mexico",110,75,0,0,0,0,0,0,0,203,69,0,0,0,0,0,0,746,670,149,1040,415,202,0,0,0,0,0,0,0,0,0,0,0,0,0,0,0,24,0,0,0,0,0,0,0,0,0,35,013,001201,2019
"Census Tract 13.04, Santa Fe County, New Mexico",17,90,6,0,0,0,0,0,0,19,15,0,0,0,0,0,0,23,5,14,34,18,7,7,0,8,0,0,0,0,0,0,0,0,0,0,0,0,0,0,0,0,0,0,0,0,0,0,35,049,001304,2019
"Census Tract 102.03, Santa Fe County, New Mexico",47,0,0,0,0,0,0,0,0,0,0,0,0,0,0,0,0,138,28,6,92,65,0,0,0,0,0,0,0,0,0,0,0,0,0,0,0,0,0,0,0,0,0,0,0,0,19,0,35,049,010203,2019
"Census Tract 9641, Grant County, New Mexico",64,0,0,0,0,0,0,0,0,0,0,0,0,0,0,0,0,171,126,56,319,88,0,0,0,0,0,0,0,0,0,0,0,0,30,0,0,0,0,0,0,0,0,0,0,0,0,0,35,017,964100,2019
"Census Tract 9642, Grant County, New Mexico",20,0,0,0,0,0,0,0,0,0,0,0,0,0,0,0,0,152,146,23,122,75,0,0,0,0,0,0,0,0,0,0,0,0,0,0,0,0,0,0,0,0,0,0,0,0,0,0,35,017,964200,2019
"Census Tract 9643, Grant County, New Mexico",214,135,0,0,0,0,0,0,0,19,0,0,0,0,0,0,0,349,173,52,386,285,0,0,0,0,0,0,52,0,0,0,0,0,0,0,0,0,0,0,0,0,0,0,0,0,18,21,35,017,964300,2019
"Census Tract 9644, Grant County, New Mexico",99,12,0,2,0,0,0,1,0,38,48,0,0,0,0,0,0,275,108,8,252,126,0,0,0,0,0,0,0,0,0,0,1,0,0,0,0,0,0,0,0,0,0,0,0,0,0,0,35,017,964400,2019
"Census Tract 9645, Grant County, New Mexico",280,56,0,14,0,0,0,0,0,32,24,0,0,0,0,0,0,162,111,78,131,153,0,0,21,0,0,0,12,0,0,0,0,0,0,0,0,0,0,0,0,0,0,0,0,0,0,0,35,017,964500,2019
"Census Tract 9646, Grant County, New Mexico",0,36,7,0,0,0,0,0,0,7,3,0,0,0,0,0,0,185,108,32,201,74,0,0,0,0,0,0,0,0,0,0,0,0,0,0,0,0,0,0,0,0,0,0,0,0,8,7,35,017,964600,2019
"Census Tract 9647, Grant County, New Mexico",105,339,24,9,0,0,0,0,0,20,20,0,0,0,0,0,0,619,217,44,494,178,19,0,0,0,0,0,0,0,0,0,0,0,0,0,0,0,0,0,0,0,0,0,0,0,0,17,35,017,964700,2019
"Census Tract 9648, Grant County, New Mexico",0,10,3,0,0,0,0,0,0,13,0,0,0,0,0,0,0,111,61,14,123,46,0,0,0,0,0,0,10,0,0,0,0,0,0,0,0,0,0,0,0,0,0,0,0,0,0,0,35,017,964800,2019
"Census Tract 9700, Hidalgo County, New Mexico",54,40,0,0,0,0,0,0,0,32,18,0,0,0,0,0,0,145,65,7,123,52,0,0,0,0,0,0,0,0,0,0,0,0,0,0,0,0,0,0,0,0,0,0,0,0,6,0,35,023,970000,2019
"Census Tract 9702, Hidalgo County, New Mexico",60,26,6,0,0,0,0,0,0,73,29,0,0,0,0,0,0,129,35,34,117,86,0,0,0,0,0,0,0,0,0,6,0,0,0,0,0,0,0,0,0,0,0,0,0,0,5,0,35,023,970200,2019
"Census Tract 5.03, Lea County, New Mexico",0,31,0,0,0,0,0,0,0,65,0,0,0,0,0,0,0,156,60,40,96,47,14,0,0,28,0,0,0,0,0,0,0,0,0,0,0,0,0,0,0,0,0,0,0,0,0,0,35,025,000503,2019
"Census Tract 5.04, Lea County, New Mexico",0,46,12,0,0,0,0,0,0,0,0,0,0,0,0,0,0,141,46,15,175,66,13,0,0,7,16,0,0,0,0,0,0,0,0,0,0,58,0,0,0,0,0,0,0,0,0,0,35,025,000504,2019
"Census Tract 7.01, Lea County, New Mexico",0,0,0,0,0,0,0,0,0,31,14,0,7,0,0,0,0,62,33,0,46,8,0,0,0,0,0,0,0,0,0,0,0,0,0,0,0,0,0,0,0,0,0,0,0,0,0,0,35,025,000701,2019
"Census Tract 7.02, Lea County, New Mexico",1671,195,26,10,0,0,0,0,0,67,10,0,0,9,0,0,0,58,35,22,62,23,0,0,0,0,0,0,0,0,0,5,0,0,0,0,0,0,0,0,0,0,0,0,0,0,2,0,35,025,000702,2019
"Census Tract 7.03, Lea County, New Mexico",198,20,10,10,0,0,0,0,0,37,0,0,0,0,0,0,0,86,26,28,67,38,0,0,0,0,0,0,0,0,0,0,0,0,0,0,0,0,0,0,0,0,0,0,0,0,0,0,35,025,000703,2019
"Census Tract 7.04, Lea County, New Mexico",0,11,43,0,0,0,0,0,0,89,0,0,0,0,0,0,0,150,13,12,109,34,0,0,0,0,0,0,0,0,0,0,0,0,0,11,0,0,11,0,0,0,0,0,0,0,0,0,35,025,000704,2019
"Census Tract 10.04, Lea County, New Mexico",0,26,34,30,0,0,0,0,0,164,98,0,0,0,0,0,0,29,56,11,137,111,0,0,0,0,0,0,0,0,0,0,0,0,0,0,0,0,0,0,0,0,0,0,0,0,12,0,35,025,001004,2019
"Census Tract 10.05, Lea County, New Mexico",0,10,39,20,0,0,0,0,0,222,171,0,0,0,0,0,0,55,36,0,129,20,18,0,0,10,0,0,10,0,0,0,0,0,0,0,0,0,0,0,0,0,0,0,0,0,89,0,35,025,001005,2019
"Census Tract 9602, Lincoln County, New Mexico",181,88,0,0,0,0,0,0,0,2,5,5,12,0,0,0,0,99,28,14,117,47,0,0,0,0,0,0,10,0,0,10,0,0,0,0,0,0,0,0,0,0,0,0,0,0,0,0,35,027,960200,2019
"Census Tract 9603, Lincoln County, New Mexico",0,20,0,0,0,0,0,0,0,0,0,0,0,0,0,0,0,186,160,36,234,142,0,0,0,0,0,0,0,0,0,0,0,0,0,0,0,0,0,0,0,0,0,0,0,0,3,0,35,027,960300,2019
"Census Tract 9604, Lincoln County, New Mexico",0,0,23,30,0,0,0,0,0,101,7,0,0,0,0,0,0,557,284,120,690,243,0,0,0,0,35,0,0,0,0,0,0,0,0,0,0,0,0,0,0,0,0,0,0,0,20,8,35,027,960400,2019
"Census Tract 9405, McKinley County, New Mexico",36,1552,0,0,0,0,0,11,0,0,0,0,0,0,0,0,0,0,0,0,0,0,0,0,0,0,0,0,0,26,0,22,3,6,0,0,0,0,0,0,0,0,0,0,0,0,0,0,35,031,940500,2019
"Census Tract 9606, Lincoln County, New Mexico",28,5,0,0,0,0,0,0,0,163,0,0,0,29,0,0,0,565,276,74,507,320,0,0,0,0,0,0,0,0,0,0,0,0,0,0,0,0,0,0,0,0,0,0,0,0,0,0,35,027,960600,2019
"Census Tract 9608, Lincoln County, New Mexico",0,0,0,0,0,0,0,0,0,43,97,0,0,13,0,0,0,145,38,9,137,85,0,0,0,0,0,0,0,0,0,0,0,0,0,0,0,0,0,0,0,0,0,0,0,0,0,0,35,027,960800,2019
"Census Tract 9439.01, McKinley County, New Mexico",27,4044,0,0,0,0,0,102,61,14,21,0,0,0,0,0,0,2,21,0,10,28,0,0,0,0,0,0,146,33,13,191,72,44,0,0,0,0,0,0,0,0,0,0,0,0,0,0,35,031,943901,2019
"Census Tract 9439.02, McKinley County, New Mexico",0,3928,0,0,0,0,0,128,9,0,0,0,0,0,0,0,0,31,0,0,29,28,0,0,0,0,0,0,56,22,2,65,41,70,0,0,0,0,0,0,0,0,0,0,0,0,0,0,35,031,943902,2019
"Census Tract 9440, McKinley County, New Mexico",0,2147,0,0,0,0,0,53,23,0,0,0,0,0,0,0,0,0,0,0,2,0,0,0,0,0,0,0,37,33,11,60,58,8,0,0,0,0,0,0,0,0,0,0,0,0,0,0,35,031,944000,2019
"Census Tract 9731, McKinley County, New Mexico",16,342,0,0,0,0,0,38,0,0,0,0,0,0,0,0,0,74,14,0,152,61,0,0,0,0,0,0,28,8,8,31,9,19,0,0,0,0,0,0,0,0,0,0,0,0,0,15,35,031,973100,2019
"Census Tract 3.03, Otero County, New Mexico",35,42,0,0,0,0,0,0,0,0,0,0,0,0,0,0,0,103,73,15,125,56,0,0,0,0,14,0,0,0,0,0,0,0,0,0,0,32,0,0,0,0,0,0,0,0,0,11,35,035,000303,2019
"Census Tract 102.04, Santa Fe County, New Mexico",0,83,0,0,0,0,0,0,0,0,0,0,0,0,0,0,0,428,260,17,436,56,0,0,0,0,0,0,0,0,0,17,0,0,0,0,0,0,0,0,0,0,0,0,0,0,12,0,35,049,010204,2019
"Census Tract 103.09, Santa Fe County, New Mexico",0,0,34,0,0,0,0,0,0,0,0,0,0,0,0,0,0,200,73,43,224,25,0,0,0,0,0,0,0,0,0,0,0,0,0,0,0,0,0,0,0,0,0,0,0,0,0,0,35,049,010309,2019
"Census Tract 103.10, Santa Fe County, New Mexico",0,43,0,0,0,0,0,0,0,0,0,0,0,0,0,0,0,95,26,41,100,21,0,0,0,0,0,0,0,0,0,0,0,0,0,0,0,0,0,0,0,0,0,0,0,0,0,0,35,049,010310,2019
"Census Tract 103.11, Santa Fe County, New Mexico",0,16,57,0,0,0,0,0,0,0,0,0,0,0,0,0,0,234,132,0,228,99,0,0,0,0,0,0,0,16,0,0,0,0,0,0,0,0,0,0,0,0,0,0,0,0,10,0,35,049,010311,2019
"Census Tract 103.12, Santa Fe County, New Mexico",0,69,0,18,10,0,0,0,0,11,0,0,0,0,0,0,0,202,76,0,250,76,0,0,0,0,0,0,0,0,0,0,0,0,14,0,0,0,0,0,0,0,0,0,0,0,13,0,35,049,010312,2019
"Census Tract 103.14, Santa Fe County, New Mexico",0,19,14,0,0,0,0,0,0,0,21,0,0,0,0,0,0,95,42,4,163,27,0,0,0,0,0,0,0,0,0,0,0,0,0,0,0,0,0,0,0,0,0,0,0,0,10,0,35,049,010314,2019
"Census Tract 103.15, Santa Fe County, New Mexico",7,0,22,0,0,0,0,0,0,0,0,0,0,7,0,0,0,156,34,25,362,125,0,0,0,0,0,0,0,0,0,0,0,0,0,0,0,0,0,0,0,0,0,0,0,0,0,0,35,049,010315,2019
"Census Tract 103.16, Santa Fe County, New Mexico",23,21,3,0,0,0,0,0,0,0,11,0,0,0,0,0,0,149,39,23,136,73,7,0,0,0,0,0,7,5,0,5,0,0,0,0,0,0,0,0,0,0,0,0,0,0,6,0,35,049,010316,2019
"Census Tract 106.01, Santa Fe County, New Mexico",440,48,25,0,0,0,0,0,0,39,46,68,0,0,0,0,0,367,137,42,453,228,2,0,0,0,0,0,0,0,0,0,0,0,0,0,0,0,0,0,0,0,0,0,0,0,3,3,35,049,010601,2019
"Census Tract 106.02, Santa Fe County, New Mexico",0,48,0,0,0,0,10,0,0,0,0,0,0,0,0,0,0,437,169,27,391,120,0,0,0,0,0,0,0,0,0,14,0,0,10,0,0,0,0,0,0,0,0,0,0,0,0,0,35,049,010602,2019
"Census Tract 106.03, Santa Fe County, New Mexico",0,53,0,0,0,0,0,0,0,0,0,0,0,0,0,0,0,191,16,17,155,29,0,0,0,0,0,0,0,0,0,0,0,0,0,0,0,0,0,0,0,0,0,0,0,0,0,0,35,049,010603,2019
"Census Tract 109, Santa Fe County, New Mexico",0,0,38,7,0,0,0,0,0,167,68,0,0,0,0,0,0,299,91,10,197,91,0,0,0,0,0,0,0,0,0,0,0,0,0,0,0,0,0,0,0,0,0,0,0,0,0,0,35,049,010900,2019
"Census Tract 9404, Santa Fe County, New Mexico",0,537,8,2,0,0,0,5,3,16,28,0,0,2,0,0,0,81,15,16,50,34,0,0,0,0,0,0,22,9,0,18,13,3,0,0,0,0,0,0,0,0,0,0,0,0,9,2,35,049,940400,2019
"Census Tract 9405, Santa Fe County, New Mexico",0,550,4,0,0,0,0,0,0,0,0,0,0,0,0,0,0,63,27,6,67,41,0,0,0,0,4,0,26,7,1,9,15,0,0,0,0,0,0,0,0,0,0,0,0,0,19,10,35,049,940500,2019
"Census Tract 9406, Santa Fe County, New Mexico",0,514,10,2,2,0,0,2,0,44,23,0,0,2,0,0,0,113,54,28,111,47,0,0,0,0,0,0,3,9,2,8,8,0,0,0,0,0,0,0,0,0,0,0,0,0,44,4,35,049,940600,2019
"Census Tract 9409, Santa Fe County, New Mexico",20,53,20,0,0,0,0,0,0,56,70,0,0,0,0,0,0,96,40,12,139,40,4,0,0,0,0,0,0,0,0,0,0,0,0,0,0,0,0,0,0,0,0,0,0,0,56,39,35,049,940900,2019
"Census Tract 9800, Santa Fe County, New Mexico",901,35,0,0,0,0,0,0,0,0,0,0,0,0,0,0,0,13,0,0,0,0,0,0,0,0,0,0,0,0,0,0,0,0,0,0,0,0,0,0,0,0,0,0,0,0,0,0,35,049,980000,2019
"Census Tract 9622, Sierra County, New Mexico",130,440,21,0,0,0,0,0,0,0,0,0,0,0,0,0,0,255,146,9,313,169,10,0,0,0,0,0,0,5,0,0,0,0,0,0,0,0,0,0,0,0,0,0,0,0,0,0,35,051,962200,2019
"Census Tract 9623, Sierra County, New Mexico",134,41,28,13,0,0,0,0,0,7,38,0,0,0,0,0,0,214,111,71,182,121,6,0,0,1,0,0,0,0,6,0,0,10,6,0,0,0,0,0,0,0,0,0,0,0,0,5,35,051,962300,2019
"Census Tract 3.04, Otero County, New Mexico",159,55,9,0,0,0,0,0,0,10,0,9,0,0,0,0,0,130,87,47,113,91,7,0,0,0,0,0,0,0,0,0,16,0,0,0,0,17,0,0,0,0,0,0,0,0,0,0,35,035,000304,2019
"Census Tract 3.05, Otero County, New Mexico",31,82,25,0,0,0,0,0,0,0,0,0,0,0,0,0,0,170,67,8,90,95,32,0,0,12,0,0,0,0,0,0,0,0,0,0,0,0,13,0,0,0,0,0,0,0,26,0,35,035,000305,2019
"Census Tract 3.06, Otero County, New Mexico",0,0,0,0,0,0,0,0,0,0,0,0,0,35,0,0,0,202,74,0,203,67,0,24,0,0,16,0,0,0,0,0,0,0,0,0,14,41,0,15,0,0,0,0,0,0,9,0,35,035,000306,2019
"Census Tract 9.01, Otero County, New Mexico",26,113,10,0,0,0,0,0,0,0,0,0,0,0,0,0,0,365,144,16,339,137,0,0,0,0,0,0,0,0,0,0,0,0,0,0,0,0,0,0,9,0,0,0,0,0,8,0,35,035,000901,2019
"Census Tract 9.02, Otero County, New Mexico",2420,80,59,0,0,0,0,0,0,1505,1287,28,12,0,0,0,11,271,152,22,393,127,0,0,0,0,0,0,0,0,0,0,0,0,0,0,0,0,0,0,0,0,0,0,0,0,0,0,35,035,000902,2019
"Census Tract 9400, Otero County, New Mexico",48,3588,2,0,0,0,0,4,0,0,7,0,0,0,0,0,0,3,13,0,3,5,0,0,0,0,0,0,54,33,0,130,48,3,0,0,0,0,0,0,0,0,0,0,0,0,3,6,35,035,940000,2019
"Census Tract 9589, Quay County, New Mexico",0,57,3,0,0,0,0,0,0,0,0,0,0,0,0,0,0,249,152,45,182,136,0,0,0,0,0,0,0,0,0,2,0,0,0,0,0,0,0,0,0,0,0,0,0,0,13,0,35,037,958900,2019
"Census Tract 9410, Rio Arriba County, New Mexico",24,3582,0,0,0,0,0,158,0,9,0,0,0,0,0,0,0,11,0,0,12,69,0,0,0,0,0,0,109,37,0,142,107,0,0,0,0,0,0,0,0,0,0,0,0,0,0,0,35,039,941000,2019
"Census Tract 9441, Rio Arriba County, New Mexico",339,1336,47,15,0,0,0,0,0,72,3,0,0,0,0,0,0,127,83,17,182,90,1,0,0,0,0,0,41,16,5,44,43,15,0,0,0,0,0,0,0,0,0,0,0,0,54,22,35,039,944100,2019
"Census Tract 107.17, Sandoval County, New Mexico",0,252,80,0,0,0,0,0,0,0,0,0,0,0,0,0,0,510,83,16,426,36,11,0,0,0,0,0,0,25,0,0,20,0,0,0,0,82,0,0,0,0,0,0,0,0,0,0,35,043,010717,2019
"Census Tract 107.18, Sandoval County, New Mexico",0,242,63,0,0,0,0,0,0,0,19,0,0,0,0,0,0,302,96,17,259,49,28,0,0,0,0,0,0,0,0,10,0,0,9,0,0,0,0,0,0,0,0,0,0,0,8,0,35,043,010718,2019
"Census Tract 107.19, Sandoval County, New Mexico",0,91,28,0,0,0,0,0,0,0,15,19,0,31,0,0,0,341,97,8,154,131,10,0,0,0,0,0,0,0,0,24,0,0,0,0,0,0,0,0,0,0,0,0,0,0,16,15,35,043,010719,2019
"Census Tract 107.20, Sandoval County, New Mexico",0,358,28,0,9,0,0,0,0,18,0,0,0,52,0,0,0,241,102,12,297,116,24,0,11,0,0,0,0,0,0,0,0,0,28,12,0,46,0,39,0,0,0,0,0,0,0,0,35,043,010720,2019
"Census Tract 107.22, Sandoval County, New Mexico",0,151,0,0,0,0,0,0,0,46,65,0,0,0,0,0,0,159,74,9,153,117,0,0,0,0,0,0,0,0,0,0,0,0,0,0,0,0,0,0,0,0,0,0,0,0,0,0,35,043,010722,2019
"Census Tract 109, Sandoval County, New Mexico",0,709,98,9,0,0,0,0,0,17,61,0,0,0,0,0,0,77,66,0,84,60,6,0,0,0,6,0,0,0,21,43,0,17,0,0,0,0,0,0,0,0,0,0,0,0,47,44,35,043,010900,2019
"Census Tract 4.01, Roosevelt County, New Mexico",104,52,27,0,0,0,0,0,0,167,216,0,0,8,0,0,0,84,104,0,132,72,0,0,0,0,0,0,0,0,0,0,0,0,0,0,0,0,0,0,0,0,0,0,0,0,0,3,35,041,000401,2019
"Census Tract 9.01, Bernalillo County, New Mexico",70,684,0,0,0,0,0,0,0,336,473,77,0,37,0,0,0,172,17,0,241,36,17,0,0,12,37,0,0,0,0,0,0,0,0,0,0,0,0,0,0,0,0,0,0,0,0,0,35,001,000901,2019
"Census Tract 24.01, Bernalillo County, New Mexico",8,89,71,0,0,0,0,0,0,136,96,0,0,0,0,0,0,220,78,27,89,229,0,0,0,0,0,0,0,0,0,0,12,0,0,0,0,0,0,0,0,0,0,0,0,0,9,57,35,001,002401,2019
"Census Tract 25, Bernalillo County, New Mexico",0,0,11,0,0,0,0,0,0,31,31,0,0,0,0,0,0,28,38,9,143,61,0,0,0,0,0,0,0,0,0,0,0,0,0,0,0,0,0,0,0,0,0,0,0,0,9,12,35,001,002500,2019
"Census Tract 30.02, Bernalillo County, New Mexico",0,75,4,38,0,0,0,0,0,0,0,0,0,0,0,0,0,232,191,56,331,175,0,0,0,0,0,0,11,0,0,11,0,0,6,0,0,0,0,0,0,0,0,0,0,0,0,16,35,001,003002,2019
"Census Tract 35.01, Bernalillo County, New Mexico",0,16,0,0,0,0,0,0,0,15,57,0,0,0,0,0,0,225,57,25,278,212,0,0,0,0,0,0,0,0,0,16,0,0,0,0,0,0,0,0,0,0,0,0,0,0,0,29,35,001,003501,2019
"Census Tract 37.17, Bernalillo County, New Mexico",17,276,0,0,0,0,0,0,0,0,0,0,0,0,0,0,0,318,78,18,337,172,0,0,0,15,0,0,15,0,0,0,0,0,32,0,0,0,0,0,0,0,0,0,0,0,0,0,35,001,003717,2019
"Census Tract 37.22, Bernalillo County, New Mexico",0,10,55,0,0,0,28,0,0,60,0,11,0,6,85,0,0,102,54,108,83,111,0,0,0,0,0,0,0,0,0,0,0,0,0,0,0,22,0,0,0,0,0,0,0,0,0,23,35,001,003722,2019
"Census Tract 38.04, Bernalillo County, New Mexico",21,81,19,0,0,0,0,0,0,50,0,0,0,0,0,0,0,583,82,53,376,88,0,0,0,0,0,0,0,0,0,0,0,0,0,0,0,0,0,0,0,0,0,0,0,0,0,0,35,001,003804,2019
"Census Tract 47.25, Bernalillo County, New Mexico",23,63,9,27,0,0,0,0,0,29,39,0,0,0,0,0,0,154,31,18,172,131,0,0,0,0,0,0,0,0,0,17,0,0,0,0,0,0,0,0,0,0,0,0,0,0,0,16,35,001,004725,2019
"Census Tract 37.28, Bernalillo County, New Mexico",132,347,6,0,0,0,0,5,0,0,0,0,0,0,0,0,0,139,145,46,145,235,0,0,0,0,0,0,0,12,0,6,0,5,0,0,0,30,0,0,0,0,0,0,0,0,5,5,35,001,003728,2019
"Census Tract 37.33, Bernalillo County, New Mexico",164,575,4,0,0,0,0,4,0,56,62,0,0,14,0,0,0,48,20,13,18,60,4,0,0,0,0,5,0,0,0,59,0,4,0,0,0,0,0,0,0,0,0,0,0,0,27,0,35,001,003733,2019
"Census Tract 38.07, Bernalillo County, New Mexico",17,191,0,0,0,0,0,0,0,40,0,0,0,0,0,0,0,477,40,11,294,40,0,10,0,0,0,0,0,0,0,48,0,0,0,0,0,0,0,0,0,0,0,0,0,0,7,0,35,001,003807,2019
"Census Tract 45.01, Bernalillo County, New Mexico",0,0,45,44,0,0,0,0,0,258,177,0,0,0,0,0,0,106,20,9,193,102,0,0,0,0,0,0,0,0,0,0,0,0,0,0,0,0,0,0,0,0,0,0,0,0,0,0,35,001,004501,2019
"Census Tract 47.13, Bernalillo County, New Mexico",0,249,8,0,0,0,0,0,0,168,152,0,0,0,0,0,0,188,35,0,83,127,4,0,0,0,39,0,0,0,0,0,14,0,0,0,0,0,0,0,0,0,0,0,0,0,20,0,35,001,004713,2019
"Census Tract 1.09, Bernalillo County, New Mexico",15,171,0,0,0,0,0,0,0,0,9,0,0,0,0,0,0,106,53,12,113,73,3,0,0,0,0,0,0,0,0,8,0,0,0,0,0,0,0,0,0,0,0,0,0,0,8,0,35,001,000109,2019
"Census Tract 1.11, Bernalillo County, New Mexico",15,3,0,0,0,0,0,0,0,0,0,0,0,31,0,0,0,114,58,55,89,48,0,0,0,0,0,0,0,0,0,0,0,0,0,0,0,0,10,0,0,0,0,0,0,0,0,8,35,001,000111,2019
"Census Tract 1.14, Bernalillo County, New Mexico",8,138,16,0,0,0,0,0,0,13,0,0,0,0,0,0,0,159,21,44,138,55,0,0,0,0,0,0,7,9,0,0,12,0,0,0,0,0,0,10,0,0,0,0,0,0,10,0,35,001,000114,2019
"Census Tract 38.03, Bernalillo County, New Mexico",0,53,21,0,0,0,0,0,0,0,0,0,0,0,0,0,0,245,131,16,252,115,0,0,0,0,0,0,0,0,0,0,0,26,0,0,0,0,0,0,0,0,0,0,0,0,0,0,35,001,003803,2019
"Census Tract 31, Bernalillo County, New Mexico",0,50,10,0,8,0,0,0,0,0,0,0,0,0,0,0,0,219,98,17,286,161,0,0,0,0,0,0,0,0,7,13,0,0,14,0,0,0,0,0,0,0,0,0,0,0,0,0,35,001,003100,2019
"Census Tract 35.02, Bernalillo County, New Mexico",23,127,0,0,0,0,0,0,0,0,0,0,0,0,0,0,0,470,96,71,510,153,0,0,0,0,0,0,0,0,0,0,0,0,0,0,0,0,0,0,0,0,0,0,0,0,47,14,35,001,003502,2019
"Census Tract 36, Bernalillo County, New Mexico",0,247,0,0,0,0,0,0,0,128,323,0,0,0,0,0,0,413,199,0,495,170,0,0,0,0,0,0,0,0,0,18,0,0,0,0,0,0,0,0,0,0,0,0,0,0,154,37,35,001,003600,2019
"Census Tract 38.05, Bernalillo County, New Mexico",0,0,0,0,0,0,0,0,0,0,0,0,0,0,0,0,0,165,120,52,194,135,0,0,0,0,0,0,0,0,0,0,0,0,0,0,0,0,0,0,0,0,0,0,0,0,22,0,35,001,003805,2019
"Census Tract 44.02, Bernalillo County, New Mexico",17,103,9,0,0,0,0,0,0,155,27,0,0,0,0,0,0,161,67,23,147,112,0,0,0,0,0,0,20,0,0,0,0,0,0,0,0,0,0,0,0,0,0,0,0,0,0,55,35,001,004402,2019
"Census Tract 46.04, Bernalillo County, New Mexico",144,29,70,0,0,0,0,0,0,138,184,0,0,9,0,0,0,231,72,35,275,94,11,0,0,0,0,0,0,0,0,0,0,0,0,0,0,0,0,0,0,0,0,0,0,0,9,11,35,001,004604,2019
"Census Tract 47.20, Bernalillo County, New Mexico",0,45,0,0,0,0,0,0,0,0,0,0,0,0,0,0,0,225,109,21,208,128,23,0,10,18,0,0,0,0,0,5,0,9,12,0,0,0,0,0,0,0,0,0,0,0,0,0,35,001,004720,2019
"Census Tract 38.06, Bernalillo County, New Mexico",0,105,0,0,0,0,0,0,0,0,0,0,0,0,0,0,0,390,50,0,300,62,0,0,0,0,0,0,0,0,0,0,0,0,0,0,0,0,0,0,0,0,0,0,0,0,8,0,35,001,003806,2019
"Census Tract 43, Bernalillo County, New Mexico",52,140,4,0,0,0,0,0,0,260,466,0,0,0,0,0,0,300,97,21,199,57,11,0,0,0,0,0,13,4,0,15,0,0,0,0,0,0,0,0,0,0,0,0,0,0,25,0,35,001,004300,2019
"Census Tract 47.26, Bernalillo County, New Mexico",0,72,27,0,0,0,0,9,0,0,0,0,0,0,0,0,0,62,3,0,106,15,0,0,0,10,0,0,0,10,0,19,6,0,0,0,0,0,0,0,0,0,0,0,0,0,13,0,35,001,004726,2019
"Census Tract 47.28, Bernalillo County, New Mexico",23,65,85,0,0,0,0,2,0,0,5,0,0,0,32,0,0,276,80,67,289,162,34,0,0,0,0,0,0,0,0,0,0,0,0,0,0,32,0,0,0,0,0,0,0,0,1,0,35,001,004728,2019
"Census Tract 32.01, Bernalillo County, New Mexico",63,26,26,12,0,0,0,0,0,27,0,0,0,0,0,0,0,82,57,6,138,62,0,6,0,0,0,0,4,0,0,0,7,0,0,0,0,0,0,0,0,0,0,0,0,0,22,0,35,001,003201,2019
"Census Tract 1.17, Bernalillo County, New Mexico",13,81,35,0,0,0,0,0,0,7,0,0,0,4,0,6,0,126,51,12,109,54,0,0,0,0,0,0,7,0,0,13,0,0,3,6,0,4,10,6,0,0,0,0,0,0,0,0,35,001,000117,2019
"Census Tract 1.13, Bernalillo County, New Mexico",0,217,21,0,0,0,0,0,0,15,0,0,0,0,0,0,0,77,80,8,177,116,0,8,0,6,0,0,8,0,0,0,7,0,0,0,0,0,0,0,0,0,0,0,0,0,0,0,35,001,000113,2019
"Census Tract 7.10, Bernalillo County, New Mexico",0,64,0,0,0,0,0,0,0,0,0,8,0,95,0,0,0,444,179,54,326,262,0,23,10,17,21,0,0,0,0,0,0,0,0,0,0,0,45,0,0,0,0,0,0,0,0,0,35,001,000710,2019
"Census Tract 37.31, Bernalillo County, New Mexico",0,38,9,0,0,0,0,0,0,0,0,0,0,0,0,0,0,188,113,19,212,123,0,0,0,0,0,0,0,0,0,0,0,0,13,0,0,0,0,0,0,0,0,0,0,0,5,0,35,001,003731,2019
"Census Tract 47.17, Bernalillo County, New Mexico",0,626,60,0,0,0,0,0,0,0,97,0,0,81,0,0,0,174,99,0,286,64,0,0,0,49,0,0,0,0,0,0,0,0,19,0,0,8,0,0,0,0,0,0,0,0,0,0,35,001,004717,2019
"Census Tract 1.16, Bernalillo County, New Mexico",20,94,0,0,0,0,0,20,0,0,0,0,0,0,0,0,0,127,148,11,179,99,0,11,0,9,8,0,32,0,0,10,0,0,0,0,0,10,0,0,0,0,0,0,0,0,0,7,35,001,000116,2019
"Census Tract 1.18, Bernalillo County, New Mexico",22,110,0,0,0,0,0,0,0,0,0,0,0,0,0,0,0,143,81,18,85,76,9,0,0,7,0,0,0,0,0,0,0,0,0,0,0,19,0,0,0,0,0,0,0,0,0,0,35,001,000118,2019
"Census Tract 15, Bernalillo County, New Mexico",13,34,0,28,0,0,0,0,0,65,110,24,0,0,0,0,0,16,36,0,94,7,0,0,0,0,0,6,11,0,0,0,0,0,0,0,0,9,0,0,0,0,0,0,0,0,8,0,35,001,001500,2019
"Census Tract 37.26, Bernalillo County, New Mexico",0,0,0,0,0,0,0,0,0,0,22,0,0,0,0,0,0,189,56,51,145,92,26,0,0,0,0,0,0,0,0,0,0,0,8,0,0,11,0,0,0,0,0,0,0,0,0,0,35,001,003726,2019
"Census Tract 47.15, Bernalillo County, New Mexico",26,58,60,0,0,0,0,0,0,367,64,0,0,0,0,0,0,91,124,28,84,59,0,0,0,0,0,0,0,0,0,0,0,0,0,0,0,0,0,0,0,0,0,0,0,0,39,60,35,001,004715,2019
"Census Tract 2.06, Bernalillo County, New Mexico",14,96,15,57,0,0,0,0,0,0,0,0,0,0,0,0,0,105,59,33,219,71,11,0,0,0,0,9,0,0,0,0,0,12,0,0,0,0,0,0,0,0,0,0,0,0,0,16,35,001,000206,2019
"Census Tract 8.01, Bernalillo County, New Mexico",611,0,8,0,0,0,0,0,0,0,0,0,0,0,0,0,0,0,0,0,0,0,0,0,0,0,0,0,0,0,0,0,0,0,0,0,0,0,0,0,0,0,0,0,0,0,0,0,35,001,000801,2019
"Census Tract 3, Bernalillo County, New Mexico",115,154,16,0,0,0,0,3,0,0,5,0,0,0,0,0,0,216,89,46,318,189,8,0,0,0,0,0,5,3,0,4,0,0,13,0,19,46,0,0,0,0,0,0,0,0,4,15,35,001,000300,2019
"Census Tract 4.02, Roosevelt County, New Mexico",0,13,5,0,0,0,0,0,0,114,83,5,11,0,0,0,0,165,103,7,160,99,0,10,0,0,0,0,10,0,0,1,0,0,0,0,0,0,0,0,0,0,0,0,0,0,0,0,35,041,000402,2019
"Census Tract 107.21, Sandoval County, New Mexico",0,127,0,0,8,0,0,0,0,0,0,0,0,0,0,0,0,107,40,17,220,60,12,0,0,12,0,0,0,0,0,0,0,0,0,0,0,0,0,0,0,0,0,0,0,0,0,10,35,043,010721,2019
"Census Tract 107.23, Sandoval County, New Mexico",0,289,57,0,0,0,0,13,0,77,0,0,0,0,0,0,0,216,182,0,240,171,0,0,0,0,0,0,0,0,0,0,0,0,12,0,0,0,0,0,0,0,0,0,0,0,0,0,35,043,010723,2019
"Census Tract 110, Sandoval County, New Mexico",0,874,2,0,0,0,0,20,0,2,3,0,0,0,0,0,0,96,32,6,81,30,3,2,0,7,0,0,23,13,18,33,22,14,2,0,0,0,0,0,0,0,0,0,0,0,7,6,35,043,011000,2019
"Census Tract 111, Sandoval County, New Mexico",0,1379,5,0,0,0,0,79,0,0,0,0,0,14,0,0,0,701,102,14,598,155,0,0,0,0,0,0,36,13,2,61,32,8,0,0,0,0,0,0,0,0,0,0,0,0,0,0,35,043,011100,2019
"Census Tract 112, Sandoval County, New Mexico",45,1351,2,0,0,0,0,13,0,0,0,0,0,0,0,0,0,144,111,4,128,120,0,0,0,0,0,0,57,9,0,32,12,2,0,0,0,0,0,0,0,0,0,0,0,0,0,16,35,043,011200,2019
"Census Tract 9406, Sandoval County, New Mexico",6,2031,0,0,0,0,0,17,16,0,0,0,0,0,0,0,0,1,1,3,0,0,0,0,0,0,0,0,71,16,5,94,44,9,0,0,0,0,0,0,0,0,0,0,0,0,0,0,35,043,940600,2019
"Census Tract 9407, Sandoval County, New Mexico",0,2624,7,0,0,0,0,47,8,3,0,0,0,0,0,0,0,39,20,5,46,17,0,0,0,0,0,0,68,22,0,82,42,12,0,0,0,0,0,0,0,0,0,0,0,0,4,4,35,043,940700,2019
"Census Tract 5.03, San Juan County, New Mexico",0,1978,6,0,0,0,0,0,0,53,17,0,0,4,0,0,0,25,12,0,14,7,0,0,0,0,0,0,48,12,0,34,7,8,0,0,0,0,0,0,0,0,0,0,0,0,0,5,35,045,000503,2019
"Census Tract 5.04, San Juan County, New Mexico",0,978,0,0,0,0,0,17,0,0,0,0,0,0,0,0,0,52,34,0,75,18,0,0,0,0,0,0,42,0,0,31,0,0,0,0,0,0,0,0,0,0,0,0,0,0,0,0,35,045,000504,2019
"Census Tract 5.05, San Juan County, New Mexico",0,2971,0,0,0,0,2,22,0,0,0,0,0,0,0,0,0,233,32,46,106,190,0,0,0,0,0,0,66,65,0,143,62,0,0,0,0,0,0,0,0,0,0,0,0,0,0,0,35,045,000505,2019
"Census Tract 6.07, San Juan County, New Mexico",780,2079,15,0,0,0,0,22,0,0,0,0,0,0,0,0,0,40,7,7,50,0,0,0,20,0,0,0,33,19,0,136,0,0,0,0,0,0,0,0,0,0,0,0,0,0,11,14,35,045,000607,2019
"Census Tract 6.08, San Juan County, New Mexico",0,1472,0,0,0,0,0,0,0,109,0,0,0,0,0,0,0,189,79,49,230,39,0,0,0,0,0,0,0,0,0,0,0,0,0,0,0,0,0,0,0,0,0,0,0,0,0,0,35,045,000608,2019
"Census Tract 6.09, San Juan County, New Mexico",0,37,0,0,0,0,0,0,0,0,0,0,0,0,0,0,0,28,14,8,26,42,0,0,0,0,0,0,5,0,0,0,0,0,0,0,0,10,0,0,0,0,0,0,0,0,5,0,35,045,000609,2019
"Census Tract 6.10, San Juan County, New Mexico",0,845,7,0,0,0,0,0,0,0,9,0,0,0,0,0,0,137,65,26,166,28,0,0,0,0,0,0,0,70,0,63,0,0,0,0,0,0,0,0,0,0,0,0,0,0,9,27,35,045,000610,2019
"Census Tract 6.11, San Juan County, New Mexico",0,199,12,0,0,0,0,0,0,25,0,0,0,0,0,0,0,211,143,78,161,127,0,0,0,0,0,0,0,0,0,0,0,0,0,0,0,0,0,0,0,0,0,0,0,0,0,4,35,045,000611,2019
"Census Tract 6.12, San Juan County, New Mexico",95,260,0,0,0,0,0,7,0,0,0,0,0,0,0,0,0,53,47,22,75,55,0,0,0,0,0,0,9,0,3,0,3,0,8,0,0,0,0,0,0,0,0,0,0,0,0,0,35,045,000612,2019
"Census Tract 6.13, San Juan County, New Mexico",5,98,20,0,0,0,0,0,0,0,0,0,0,0,0,0,0,222,122,25,245,86,0,0,0,0,0,0,0,0,0,0,0,0,0,0,0,0,0,0,0,0,0,0,0,0,0,0,35,045,000613,2019
"Census Tract 7.05, San Juan County, New Mexico",0,625,0,0,0,0,0,26,0,37,39,0,0,0,0,0,0,195,68,13,148,39,11,0,0,0,8,0,0,0,0,0,13,0,0,0,0,0,0,0,0,0,0,0,0,0,24,0,35,045,000705,2019
"Census Tract 7.06, San Juan County, New Mexico",7,44,0,0,0,0,0,0,0,0,0,0,0,0,0,0,0,112,57,32,181,72,0,0,0,0,0,0,0,0,0,0,0,0,0,0,0,0,0,0,0,0,0,0,0,0,85,0,35,045,000706,2019
"Census Tract 7.07, San Juan County, New Mexico",80,963,4,0,0,0,0,2,2,94,0,0,0,0,0,0,0,28,61,54,107,122,0,0,0,0,0,0,70,3,0,40,7,8,0,0,0,0,0,0,0,0,0,0,0,0,0,0,35,045,000707,2019
"Census Tract 3, Santa Fe County, New Mexico",0,30,14,0,0,0,0,0,0,23,0,0,0,0,0,0,0,150,49,11,174,71,0,0,0,0,0,0,0,0,0,0,0,0,0,0,0,10,0,0,0,0,0,0,0,0,0,0,35,049,000300,2019
"Census Tract 11.06, Santa Fe County, New Mexico",71,53,34,0,0,0,0,0,0,126,38,0,0,0,0,0,0,138,97,24,221,199,0,0,0,0,0,0,0,0,0,8,0,0,0,0,0,0,0,0,0,0,0,0,0,0,0,0,35,049,001106,2019
"Census Tract 9403, Santa Fe County, New Mexico",0,753,7,2,0,0,0,2,0,0,6,0,0,0,0,0,0,82,23,1,85,26,0,0,0,0,0,0,23,11,2,33,5,12,0,0,0,0,0,0,0,0,0,0,0,0,6,5,35,049,940300,2019
"Census Tract 9, Santa Fe County, New Mexico",53,103,46,0,0,0,0,0,0,0,0,0,0,0,0,0,0,205,107,34,292,104,0,0,0,0,0,0,0,5,0,15,13,30,0,0,0,0,0,0,0,0,0,0,0,0,11,0,35,049,000900,2019
"Census Tract 2, Santa Fe County, New Mexico",0,137,8,0,0,0,0,0,0,22,0,0,0,0,0,0,0,264,91,46,369,192,0,0,0,0,0,0,0,0,0,0,0,0,0,12,0,0,0,0,0,0,0,0,0,0,0,0,35,049,000200,2019
"Census Tract 4, Santa Fe County, New Mexico",31,14,7,0,0,0,0,0,0,0,0,0,0,0,0,0,0,11,4,35,17,53,0,0,0,0,0,0,0,0,0,0,0,0,0,0,0,0,0,0,0,0,0,0,0,0,0,0,35,049,000400,2019
"Census Tract 11.05, Santa Fe County, New Mexico",8,18,13,0,0,0,0,0,0,33,0,0,0,0,0,0,0,206,68,8,209,58,0,0,0,0,0,0,0,0,0,0,0,0,0,0,9,0,0,0,0,0,0,0,0,0,0,0,35,049,001105,2019
"Census Tract 101.02, Santa Fe County, New Mexico",11,150,2,0,0,0,0,0,0,81,0,0,0,0,0,0,0,98,41,0,96,14,0,0,0,0,0,0,0,0,0,0,0,0,0,0,0,0,0,0,0,0,0,0,0,0,23,48,35,049,010102,2019
"Census Tract 103.08, Santa Fe County, New Mexico",9,24,44,0,0,0,0,0,0,70,115,0,0,0,0,0,0,98,58,0,61,60,0,0,0,0,0,0,0,0,0,0,0,0,0,0,0,0,0,0,0,0,0,0,0,0,11,0,35,049,010308,2019
"Census Tract 107, Santa Fe County, New Mexico",35,11,17,0,0,0,0,0,0,0,0,0,0,0,0,0,0,674,263,72,728,195,18,0,0,21,0,0,0,0,0,0,0,0,0,0,0,0,0,0,0,0,0,0,0,0,0,0,35,049,010700,2019
"Census Tract 108, Santa Fe County, New Mexico",0,34,20,0,0,0,0,0,0,21,18,0,0,0,0,0,0,216,121,26,308,130,0,0,0,0,0,0,0,0,0,0,0,0,0,0,0,0,0,0,0,0,0,0,0,0,28,10,35,049,010800,2019
"Census Tract 5, Santa Fe County, New Mexico",21,0,10,7,0,0,0,0,0,0,0,0,0,0,0,0,0,229,83,38,327,98,0,0,0,0,0,0,0,0,0,0,0,0,0,12,0,20,0,0,0,0,0,0,0,0,0,0,35,049,000500,2019
"Census Tract 12.03, Santa Fe County, New Mexico",0,103,63,33,0,0,0,0,0,178,201,0,0,0,0,0,0,68,23,20,100,20,0,10,0,0,0,0,0,0,0,0,0,0,0,0,0,0,0,0,0,0,0,0,0,0,15,0,35,049,001203,2019
"Census Tract 105, Santa Fe County, New Mexico",0,26,21,0,0,0,0,0,0,7,0,0,0,0,0,0,0,213,78,36,258,109,0,0,0,0,0,0,0,0,0,4,0,0,0,0,0,0,0,0,0,0,0,0,0,0,0,0,35,049,010500,2019
"Census Tract 40.01, Bernalillo County, New Mexico",92,67,92,39,0,0,0,0,0,371,344,0,0,0,0,0,0,168,51,0,215,72,0,0,0,0,0,0,0,0,0,0,0,0,0,0,0,0,0,0,0,0,0,0,0,0,0,8,35,001,004001,2019
"Census Tract 47.23, Bernalillo County, New Mexico",28,91,0,0,0,0,0,0,0,0,0,0,0,14,67,0,0,431,116,10,223,160,0,14,0,18,0,0,0,0,0,0,0,0,0,0,0,0,67,0,0,0,0,0,0,0,0,0,35,001,004723,2019
"Census Tract 1.08, Bernalillo County, New Mexico",50,349,9,0,0,0,10,0,0,0,0,0,0,8,0,0,0,72,100,0,129,115,0,0,0,0,0,9,0,9,0,0,0,0,8,0,0,10,0,22,0,0,0,0,0,0,11,0,35,001,000108,2019
"Census Tract 1.10, Bernalillo County, New Mexico",0,117,31,0,0,0,0,0,0,0,0,0,0,0,0,0,0,148,79,44,134,112,0,7,0,0,0,0,0,0,0,0,5,8,0,0,0,0,0,0,0,0,0,0,0,0,0,0,35,001,000110,2019
"Census Tract 1.25, Bernalillo County, New Mexico",0,47,0,0,0,0,0,0,0,0,0,6,0,25,7,0,0,199,134,33,281,226,11,0,0,13,0,0,0,0,0,0,0,0,8,0,7,15,0,0,0,0,0,0,0,0,0,0,35,001,000125,2019
"Census Tract 22, Bernalillo County, New Mexico",0,125,13,0,0,0,0,0,0,9,11,0,0,0,0,0,0,117,89,32,230,149,0,0,0,0,0,0,7,0,0,0,0,7,0,0,0,0,0,0,0,0,0,0,0,0,0,0,35,001,002200,2019
"Census Tract 1.27, Bernalillo County, New Mexico",9,225,5,0,0,0,0,0,0,1,0,0,0,0,0,37,0,80,60,9,67,108,1,0,0,0,0,0,38,0,0,0,8,0,0,0,0,0,0,0,0,0,0,0,0,0,0,0,35,001,000127,2019
"Census Tract 6.01, Bernalillo County, New Mexico",0,155,0,0,0,0,0,0,11,0,0,0,0,10,0,0,0,201,131,54,158,108,0,0,0,0,0,0,0,0,0,19,11,0,3,0,0,60,0,0,0,0,0,0,0,0,30,0,35,001,000601,2019
"Census Tract 17, Bernalillo County, New Mexico",0,63,0,0,0,0,0,6,0,25,0,0,0,0,0,47,0,194,15,0,148,71,0,0,0,0,0,0,0,0,0,0,0,0,13,0,0,0,0,0,0,0,0,0,0,0,14,0,35,001,001700,2019
"Census Tract 7.04, Bernalillo County, New Mexico",7,144,0,0,0,0,0,0,0,0,0,0,0,14,21,0,0,109,94,19,88,79,0,0,9,0,0,0,3,0,0,0,0,0,0,4,0,0,3,0,0,0,0,0,0,0,16,0,35,001,000704,2019
"Census Tract 7.12, Bernalillo County, New Mexico",0,146,8,0,0,0,14,0,0,0,21,0,0,19,18,7,0,166,41,0,190,31,0,0,0,0,0,0,0,36,0,0,0,0,0,10,0,37,8,0,0,0,0,0,0,0,0,7,35,001,000712,2019
"Census Tract 7.13, Bernalillo County, New Mexico",0,432,102,0,0,0,0,0,0,0,0,0,0,12,22,0,0,209,126,27,251,119,0,18,0,0,0,47,0,0,0,0,0,0,0,0,0,0,0,0,0,0,0,0,0,0,18,0,35,001,000713,2019
"Census Tract 1.15, Bernalillo County, New Mexico",26,374,10,0,0,0,0,0,0,0,0,0,0,0,0,0,0,109,96,26,140,108,0,0,0,1,0,0,0,0,0,0,0,0,0,0,0,0,0,0,0,0,0,0,0,0,0,0,35,001,000115,2019
"Census Tract 1.22, Bernalillo County, New Mexico",151,25,11,0,0,0,0,0,0,0,0,0,0,0,0,0,0,242,147,31,214,119,13,0,0,0,0,0,0,0,9,0,0,0,0,0,0,0,0,0,0,0,0,0,0,0,0,24,35,001,000122,2019
"Census Tract 1.24, Bernalillo County, New Mexico",152,423,3,0,0,0,0,0,0,43,0,0,0,0,0,0,0,181,63,18,221,113,12,0,0,13,14,4,0,0,7,0,12,0,0,0,0,0,0,0,0,0,0,0,0,0,6,3,35,001,000124,2019
"Census Tract 7.14, Bernalillo County, New Mexico",15,978,0,0,0,0,55,0,0,53,23,0,0,125,222,0,0,161,52,8,140,111,22,0,0,30,0,0,65,0,0,0,0,0,99,0,0,0,14,0,0,0,0,0,0,0,26,0,35,001,000714,2019
"Census Tract 11.02, Bernalillo County, New Mexico",0,135,0,65,0,0,0,0,0,127,89,0,0,20,0,0,0,123,53,8,132,59,0,0,0,0,0,0,0,0,0,0,0,0,0,0,0,0,0,0,0,0,0,0,0,0,0,0,35,001,001102,2019
"Census Tract 14, Bernalillo County, New Mexico",169,37,0,0,0,0,0,0,0,43,14,0,0,0,0,0,0,67,18,0,79,56,27,0,0,0,0,7,0,0,0,0,0,0,0,0,0,0,0,0,0,0,0,0,0,0,34,19,35,001,001400,2019
"Census Tract 1.29, Bernalillo County, New Mexico",0,232,0,0,0,0,0,0,0,0,65,0,0,12,0,0,0,145,41,17,425,167,0,0,0,0,0,0,0,0,0,0,0,0,14,0,0,17,0,0,0,0,0,0,0,0,0,0,35,001,000129,2019
"Census Tract 4.01, Bernalillo County, New Mexico",25,186,2,0,14,0,0,0,0,0,0,10,0,40,0,0,0,277,50,17,258,148,0,0,0,0,0,0,0,0,0,0,0,0,0,0,0,0,0,0,0,0,0,0,0,0,0,0,35,001,000401,2019
"Census Tract 2.08, Bernalillo County, New Mexico",0,276,5,0,0,0,0,0,0,33,0,0,0,18,0,0,0,56,25,13,83,34,9,0,0,0,0,0,14,0,0,16,0,0,0,0,0,0,0,0,0,0,0,0,0,0,31,4,35,001,000208,2019
"Census Tract 1.19, Bernalillo County, New Mexico",26,8,0,0,6,0,0,2,0,0,0,0,0,0,0,0,0,133,29,47,116,50,6,0,0,0,0,0,2,0,0,0,0,0,5,0,0,6,0,0,0,0,0,0,0,0,0,0,35,001,000119,2019
"Census Tract 1.20, Bernalillo County, New Mexico",0,123,0,0,0,0,0,0,0,11,0,0,0,0,0,0,0,93,48,32,140,37,0,0,0,0,0,0,0,0,0,0,0,0,0,0,0,0,0,0,0,0,0,0,0,0,9,0,35,001,000120,2019
"Census Tract 2.05, Bernalillo County, New Mexico",0,316,0,0,0,0,0,0,0,67,0,0,0,13,0,0,0,55,109,17,105,71,0,0,0,0,0,0,0,0,0,0,0,0,0,0,0,0,0,8,0,0,0,0,0,0,23,6,35,001,000205,2019
"Census Tract 4.01, San Juan County, New Mexico",199,1261,0,0,0,0,0,3,0,8,0,0,0,5,0,0,0,187,95,72,126,145,0,0,0,0,18,0,10,0,0,43,9,0,9,0,0,0,0,0,0,0,0,0,0,0,11,0,35,045,000401,2019
"Census Tract 4.02, San Juan County, New Mexico",383,1906,0,0,0,0,0,28,0,67,0,0,0,0,0,0,0,53,21,13,69,83,0,0,0,0,0,0,52,22,0,0,31,24,0,0,0,0,0,0,0,0,0,0,0,0,0,0,35,045,000402,2019
"Census Tract 1, San Juan County, New Mexico",32,1525,11,0,0,0,0,0,0,26,13,0,0,0,0,0,0,94,33,6,188,68,0,0,0,0,0,0,22,0,0,7,38,0,0,0,0,2,0,0,0,0,0,0,0,0,9,9,35,045,000100,2019
"Census Tract 2.01, San Juan County, New Mexico",0,139,5,0,0,0,0,19,0,0,0,0,0,0,0,0,0,297,93,9,200,115,0,0,0,0,0,0,0,0,0,0,0,0,0,0,0,0,0,0,0,0,0,0,0,0,0,0,35,045,000201,2019
"Census Tract 9431, San Juan County, New Mexico",5,1839,0,0,0,0,0,52,27,0,0,0,0,0,0,0,0,6,1,1,3,0,0,0,0,0,0,0,88,38,25,78,102,39,0,0,0,0,0,0,0,0,0,0,0,0,0,0,35,045,943100,2019
"Census Tract 2.04, San Juan County, New Mexico",0,635,0,0,0,0,0,0,0,60,0,0,0,0,0,0,0,61,36,20,97,19,0,0,0,0,0,0,25,3,0,18,4,0,0,0,0,0,0,0,0,0,0,0,0,0,0,0,35,045,000204,2019
"Census Tract 9430, San Juan County, New Mexico",0,4361,0,0,0,0,0,119,32,0,0,0,0,0,0,4,0,4,0,0,9,0,0,0,0,0,0,0,178,46,40,210,98,53,0,0,0,0,0,0,0,0,0,0,0,0,0,0,35,045,943000,2019
"Census Tract 2.02, San Juan County, New Mexico",90,541,6,0,0,0,0,19,4,0,0,0,0,28,0,0,0,165,139,24,259,151,0,0,0,0,0,0,17,0,0,8,20,0,0,0,0,0,0,0,0,0,0,0,0,0,5,0,35,045,000202,2019
"Census Tract 2.05, San Juan County, New Mexico",0,1684,0,0,0,0,0,0,0,55,28,0,0,0,0,0,0,207,32,53,210,103,0,0,0,0,0,0,0,0,0,0,0,0,0,0,0,0,0,0,0,0,0,0,0,0,0,0,35,045,000205,2019
"Census Tract 3.01, San Juan County, New Mexico",0,1013,24,0,0,0,0,63,0,0,0,0,0,17,0,0,0,122,60,40,249,189,0,0,0,0,0,0,0,0,0,16,0,0,0,0,0,13,0,0,0,0,0,0,0,0,0,12,35,045,000301,2019
"Census Tract 7.02, San Juan County, New Mexico",0,72,7,0,0,0,0,4,0,0,0,0,0,0,0,0,0,47,45,0,32,37,0,0,0,0,0,0,0,0,0,0,0,0,0,0,0,0,0,0,0,0,0,0,0,0,0,0,35,045,000702,2019
"Census Tract 3.02, San Juan County, New Mexico",0,754,0,0,0,0,0,0,0,0,0,0,0,0,0,0,0,118,41,37,205,28,0,0,0,0,0,0,0,0,0,0,0,0,0,0,0,0,0,0,0,0,0,0,0,0,0,0,35,045,000302,2019
"Census Tract 9429, San Juan County, New Mexico",0,4486,0,0,0,0,0,192,44,0,0,0,0,0,0,0,0,6,0,0,2,0,0,0,0,0,0,0,169,65,25,212,130,52,0,0,0,0,0,0,0,0,0,0,0,0,0,0,35,045,942900,2019
"Census Tract 9458, Cibola County, New Mexico",0,1922,0,0,0,0,0,82,71,0,0,0,0,0,0,0,0,44,0,0,68,0,0,0,0,0,0,0,36,41,0,66,78,40,2,0,0,0,0,0,0,0,0,0,0,0,0,0,35,006,945800,2019
"Census Tract 9438, McKinley County, New Mexico",0,5530,0,0,0,0,0,84,40,0,0,0,0,0,0,0,0,11,7,0,9,0,0,0,0,0,0,0,132,53,30,215,151,38,4,0,0,4,0,0,0,0,0,0,0,0,0,0,35,031,943800,2019
"Census Tract 107.02, Sandoval County, New Mexico",385,461,38,0,10,0,0,0,0,20,19,0,0,0,0,0,0,406,146,25,603,198,0,0,0,0,26,0,0,0,0,0,25,0,4,0,0,0,0,0,0,0,0,0,0,0,11,0,35,043,010702,2019
"Census Tract 107.05, Sandoval County, New Mexico",0,85,15,0,25,0,0,0,0,0,0,0,0,0,0,0,0,276,88,46,330,103,18,15,0,23,0,18,0,0,0,0,0,0,0,0,0,0,0,0,0,0,0,0,0,0,22,0,35,043,010705,2019
"Census Tract 107.03, Sandoval County, New Mexico",0,350,0,0,0,0,0,0,0,0,0,0,0,18,0,0,0,390,178,52,472,148,34,0,0,24,0,0,0,0,0,0,0,0,0,14,0,0,0,18,0,21,0,20,0,0,31,0,35,043,010703,2019
"Census Tract 9402, Sandoval County, New Mexico",18,2722,0,0,0,0,0,32,24,3,4,0,0,0,0,0,0,7,7,0,8,3,0,0,0,0,0,0,51,49,6,87,74,13,0,0,0,0,0,0,0,0,0,0,0,0,5,0,35,043,940200,2019
"Census Tract 9403, Sandoval County, New Mexico",0,0,0,0,0,0,0,0,0,0,0,0,0,0,0,0,0,0,0,0,0,0,0,0,0,0,0,0,0,0,0,0,0,0,0,0,0,0,0,0,0,0,0,0,0,0,0,0,35,043,940300,2019
"Census Tract 9409, Sandoval County, New Mexico",15,2667,43,0,0,0,0,207,30,0,0,0,0,0,0,0,0,0,2,0,4,0,0,0,0,0,0,0,54,41,8,106,92,13,0,0,0,0,0,0,0,0,0,0,0,0,0,0,35,043,940900,2019
"Census Tract 106.01, Sandoval County, New Mexico",10,80,0,0,0,0,0,0,0,0,0,0,0,0,0,0,0,343,207,20,345,124,0,0,0,0,0,0,7,0,0,7,0,0,0,0,0,0,0,0,0,0,0,0,0,0,11,0,35,043,010601,2019
"Census Tract 107.12, Sandoval County, New Mexico",0,144,0,0,0,0,0,0,0,7,0,0,0,0,0,0,0,241,89,0,219,64,0,18,0,0,21,7,0,0,0,0,0,0,0,0,0,10,0,0,0,0,0,0,0,0,17,7,35,043,010712,2019
"Census Tract 107.14, Sandoval County, New Mexico",17,111,81,0,0,0,0,0,0,0,1,0,0,0,0,0,0,248,87,56,323,90,7,0,0,23,0,0,9,0,0,0,0,0,0,0,0,0,0,0,0,0,0,0,0,0,0,0,35,043,010714,2019
"Census Tract 9405, Sandoval County, New Mexico",0,224,84,13,0,0,0,0,0,171,104,0,0,0,0,0,0,141,50,19,142,55,3,0,0,0,0,0,3,4,0,11,0,0,0,0,0,0,0,0,0,0,0,0,0,0,37,20,35,043,940500,2019
"Census Tract 105.03, Sandoval County, New Mexico",0,272,17,0,0,0,0,0,0,55,95,44,0,0,0,0,0,126,94,0,200,73,0,0,0,0,0,0,20,0,0,25,0,10,0,0,0,0,7,0,0,0,0,0,0,0,27,0,35,043,010503,2019
"Census Tract 106.02, Sandoval County, New Mexico",0,64,0,0,0,0,0,0,0,9,0,0,0,0,0,0,0,330,260,25,411,168,0,0,0,0,0,0,22,0,0,19,0,0,9,0,0,0,0,0,0,0,0,0,0,0,15,13,35,043,010602,2019
"Census Tract 107.13, Sandoval County, New Mexico",5,163,39,0,0,0,0,0,0,143,0,0,0,0,0,0,0,194,75,0,350,33,0,0,0,0,0,0,0,0,0,0,0,0,0,0,0,0,0,0,0,0,0,0,0,0,0,0,35,043,010713,2019
"Census Tract 6.04, Bernalillo County, New Mexico",360,273,7,0,0,0,10,10,0,165,168,0,0,0,0,0,0,147,53,34,97,36,0,0,0,0,0,0,7,0,0,33,0,0,0,0,0,0,0,0,0,0,0,0,0,0,52,15,35,001,000604,2019
"Census Tract 21, Bernalillo County, New Mexico",106,175,0,0,0,0,0,0,0,0,0,0,0,0,0,0,0,45,22,0,11,6,0,0,0,0,0,0,0,0,0,3,0,0,0,0,0,0,0,0,0,0,0,0,0,0,0,0,35,001,002100,2019
"Census Tract 23, Bernalillo County, New Mexico",25,120,0,52,0,0,0,0,0,409,568,0,0,0,0,0,0,177,202,22,373,159,0,0,0,0,0,0,0,0,0,0,0,0,0,0,0,0,12,0,0,0,0,0,0,0,103,57,35,001,002300,2019
"Census Tract 26, Bernalillo County, New Mexico",0,95,18,0,0,0,0,0,0,0,0,0,0,0,0,0,0,61,19,11,45,54,0,6,0,0,0,0,0,9,0,0,0,0,0,0,0,0,0,0,0,0,0,0,0,0,10,5,35,001,002600,2019
"Census Tract 37.14, Bernalillo County, New Mexico",0,661,109,0,0,0,0,0,0,54,0,0,0,0,0,0,0,151,124,13,295,66,24,0,0,12,0,0,11,0,0,0,0,0,0,0,0,9,0,0,0,0,0,0,0,0,22,0,35,001,003714,2019
"Census Tract 37.19, Bernalillo County, New Mexico",83,258,0,0,0,0,0,1,0,38,0,0,0,57,0,24,0,287,213,176,362,303,0,0,0,0,0,0,0,3,0,0,0,1,0,0,24,0,0,0,0,0,0,0,0,0,3,0,35,001,003719,2019
"Census Tract 44.01, Bernalillo County, New Mexico",0,56,102,17,0,0,0,15,0,130,48,0,0,0,0,0,0,115,24,0,134,115,0,0,0,0,0,0,0,0,0,0,0,0,0,0,0,0,0,0,0,0,0,0,0,0,0,0,35,001,004401,2019
"Census Tract 47.12, Bernalillo County, New Mexico",0,243,78,0,0,0,0,0,0,346,39,0,0,0,0,0,0,67,0,0,89,101,19,0,0,25,0,0,0,0,0,0,0,0,0,0,0,0,0,0,0,0,0,0,0,0,69,0,35,001,004712,2019
"Census Tract 47.29, Bernalillo County, New Mexico",130,122,28,0,0,0,0,0,0,0,0,0,0,0,0,0,0,173,98,18,310,110,31,0,0,25,0,0,0,0,0,0,0,0,0,0,0,13,0,0,0,0,0,0,0,0,6,0,35,001,004729,2019
"Census Tract 32.02, Bernalillo County, New Mexico",19,203,124,0,0,0,0,0,0,128,0,0,0,0,0,0,0,276,113,3,277,181,0,0,0,0,0,0,0,0,0,0,0,0,0,0,0,0,0,0,0,0,0,0,0,0,13,0,35,001,003202,2019
"Census Tract 18, Bernalillo County, New Mexico",1550,150,0,0,0,0,0,0,0,0,0,0,0,0,0,0,0,25,25,17,16,42,0,0,0,0,0,0,0,0,0,0,0,0,0,0,0,0,5,0,0,0,0,0,0,0,0,0,35,001,001800,2019
"Census Tract 27, Bernalillo County, New Mexico",10,199,0,0,0,0,0,0,0,28,0,0,0,0,0,0,0,127,115,45,196,33,19,0,0,0,0,0,0,0,5,0,0,7,0,0,0,0,0,0,0,0,7,0,0,0,22,8,35,001,002700,2019
"Census Tract 34, Bernalillo County, New Mexico",522,564,0,0,0,0,0,0,0,140,162,0,0,0,0,0,0,95,48,9,128,35,0,0,0,0,0,0,0,0,0,14,0,0,6,0,0,0,0,0,0,0,0,0,0,0,0,18,35,001,003400,2019
"Census Tract 37.12, Bernalillo County, New Mexico",67,103,0,0,0,0,0,0,0,0,0,0,0,19,0,0,0,177,175,44,394,142,18,0,0,0,14,0,8,0,0,8,0,0,15,0,0,18,19,0,0,0,0,0,0,0,30,11,35,001,003712,2019
"Census Tract 37.15, Bernalillo County, New Mexico",0,26,15,0,0,0,0,0,0,10,0,0,0,0,0,0,0,219,174,39,346,127,0,9,0,0,0,0,0,0,0,0,0,0,0,12,0,9,12,0,0,0,0,0,0,0,0,0,35,001,003715,2019
"Census Tract 37.23, Bernalillo County, New Mexico",0,321,75,0,0,0,0,0,0,0,0,0,0,0,0,0,0,257,232,110,501,185,12,0,0,23,0,0,0,0,0,55,0,0,0,0,0,9,0,0,0,0,0,0,0,0,46,0,35,001,003723,2019
"Census Tract 6.03, Otero County, New Mexico",0,84,27,0,0,0,0,0,0,15,0,0,0,0,0,0,0,80,99,28,113,112,0,0,0,0,0,0,0,0,0,0,0,0,0,0,0,0,0,0,0,0,0,0,0,0,0,0,35,035,000603,2019
"Census Tract 6.01, Otero County, New Mexico",648,5,0,0,28,0,0,0,0,0,0,0,0,0,0,0,0,17,0,0,18,0,0,0,0,26,0,0,0,0,0,0,0,0,0,0,0,0,0,0,0,0,0,0,0,0,0,0,35,035,000601,2019
"Census Tract 2, Otero County, New Mexico",0,22,10,7,0,0,0,0,0,9,33,0,0,0,0,0,0,66,64,14,48,64,0,0,0,0,0,0,0,0,0,0,0,0,0,0,0,0,0,0,0,0,0,0,0,0,7,0,35,035,000200,2019
"Census Tract 1, Otero County, New Mexico",27,16,43,62,0,0,0,0,0,8,10,0,0,0,0,0,0,58,44,20,85,9,0,0,7,20,0,10,0,0,0,0,0,0,0,0,0,8,0,0,0,0,0,0,0,0,21,0,35,035,000100,2019
"Census Tract 4.01, Otero County, New Mexico",99,8,44,0,0,0,0,0,0,0,0,0,0,0,0,0,0,231,115,62,214,333,0,0,0,0,0,4,4,0,0,0,0,4,0,0,0,0,0,0,0,0,0,0,0,0,0,0,35,035,000401,2019
"Census Tract 4.02, Otero County, New Mexico",17,121,20,0,0,0,0,0,0,60,39,20,0,61,0,0,0,335,104,71,305,226,43,0,0,74,0,0,0,0,0,0,0,0,0,0,0,16,0,0,0,0,0,0,0,0,21,0,35,035,000402,2019
"Census Tract 5, Otero County, New Mexico",35,92,0,0,0,0,0,0,0,100,77,0,0,0,0,0,0,123,145,0,156,100,0,0,0,0,0,0,0,0,0,0,0,0,0,0,0,19,0,0,0,0,0,0,0,0,0,55,35,035,000500,2019
"Census Tract 6.02, Otero County, New Mexico",183,193,0,0,0,0,0,0,0,48,20,0,0,0,0,0,0,155,86,68,158,38,6,0,0,0,0,0,0,0,0,11,0,0,0,17,0,0,0,0,0,0,0,0,0,0,0,0,35,035,000602,2019
"Census Tract 7, Otero County, New Mexico",0,2,0,0,0,0,0,0,0,107,0,0,0,0,0,0,0,458,293,23,446,311,0,0,0,0,0,0,0,0,0,0,0,0,0,0,0,0,0,0,0,0,0,0,0,0,0,0,35,035,000700,2019
"Census Tract 9742.01, Cibola County, New Mexico",923,1269,37,0,0,0,0,0,0,6,59,0,0,0,0,0,9,246,37,0,207,40,0,0,0,0,0,0,21,0,0,21,0,0,0,0,0,0,0,0,0,0,0,0,0,0,27,12,35,006,974201,2019
"Census Tract 9415, Cibola County, New Mexico",0,2635,0,0,0,0,0,0,0,0,0,0,0,0,0,0,0,0,12,0,0,0,0,0,0,0,0,0,108,40,7,103,46,35,0,0,0,0,0,0,0,0,0,0,0,0,0,0,35,006,941500,2019
"Census Tract 9744, Cibola County, New Mexico",36,544,0,0,0,0,0,0,0,22,0,0,0,0,0,0,0,115,90,0,183,54,0,0,0,0,0,0,0,0,0,22,0,0,0,0,0,0,0,0,0,0,0,0,0,0,11,9,35,006,974400,2019
"Census Tract 9781, Socorro County, New Mexico",72,237,4,0,0,12,0,0,0,27,28,0,0,0,0,0,0,264,135,93,323,179,0,0,0,0,0,0,0,0,0,0,0,0,0,0,0,17,0,0,0,0,0,0,0,0,8,9,35,053,978100,2019
"Census Tract 107.16, Sandoval County, New Mexico",482,327,66,12,14,0,0,0,0,44,11,20,0,0,0,0,0,351,318,85,557,329,0,0,19,25,0,47,0,0,0,0,0,5,15,0,0,0,16,0,0,0,0,0,0,0,14,5,35,043,010716,2019
"Census Tract 107.15, Sandoval County, New Mexico",6,130,0,0,0,0,0,0,0,0,0,7,0,0,0,0,0,211,174,37,208,280,0,0,0,0,0,0,0,0,0,8,0,0,0,0,0,0,0,0,0,0,0,0,0,0,0,0,35,043,010715,2019
"Census Tract 9527, Taos County, New Mexico",350,116,7,0,0,0,0,0,0,64,20,0,0,0,0,0,0,323,218,25,321,366,3,0,0,23,0,0,0,24,0,0,26,0,0,0,0,0,0,0,0,0,0,0,0,0,9,4,35,055,952700,2019
"Census Tract 9523, Taos County, New Mexico",0,4,0,0,0,0,0,0,0,0,0,0,0,0,0,0,0,237,103,0,246,143,0,0,0,0,0,0,0,0,0,0,4,0,0,0,0,0,0,0,0,0,0,0,0,0,0,0,35,055,952300,2019
"Census Tract 9521, Taos County, New Mexico",59,39,288,0,0,0,0,0,0,0,0,0,0,0,0,0,0,420,290,53,469,227,0,0,0,0,0,0,0,0,0,0,0,0,0,0,0,0,0,0,0,0,0,0,0,0,4,0,35,055,952100,2019
"Census Tract 9526, Taos County, New Mexico",104,308,0,0,0,0,0,0,0,266,0,0,0,24,0,0,0,505,205,23,569,182,95,0,0,0,0,0,22,0,0,0,0,0,0,0,0,0,24,0,0,0,0,0,0,0,0,28,35,055,952600,2019
"Census Tract 2.01, Curry County, New Mexico",153,17,0,0,0,0,0,0,11,0,4,0,0,37,36,0,0,51,93,26,163,144,0,0,0,20,0,13,0,11,0,0,0,0,36,0,4,37,0,0,0,0,0,0,0,0,3,0,35,009,000201,2019
"Census Tract 2.02, Curry County, New Mexico",23,18,1,0,0,0,0,0,0,68,189,0,0,0,0,0,0,151,17,28,87,19,18,0,0,9,0,0,0,0,0,0,0,0,0,0,0,15,0,0,0,0,0,0,0,0,99,0,35,009,000202,2019
"Census Tract 4, Curry County, New Mexico",4,32,4,0,0,0,0,0,0,80,156,0,0,0,0,0,0,45,37,21,110,24,13,0,0,0,0,0,7,0,0,7,0,0,0,0,0,0,0,0,0,0,0,0,0,0,0,8,35,009,000400,2019
"Census Tract 3.01, Curry County, New Mexico",53,25,8,0,0,0,0,0,0,103,52,0,0,0,0,0,0,156,30,24,157,94,17,0,0,0,0,0,0,0,0,0,0,0,0,0,0,0,0,0,0,0,0,0,0,0,0,0,35,009,000301,2019
"Census Tract 5, Curry County, New Mexico",0,100,7,0,0,0,0,20,0,201,116,0,0,0,0,0,0,67,23,21,61,20,0,0,0,0,0,0,0,0,0,0,0,0,0,0,0,0,0,0,0,0,0,0,0,0,5,15,35,009,000500,2019
"Census Tract 9, Curry County, New Mexico",515,16,0,0,7,0,0,0,0,17,0,0,0,0,0,0,0,0,0,0,0,0,0,0,0,0,0,0,0,0,0,0,0,0,0,0,0,0,0,0,0,0,0,0,0,0,0,0,35,009,000900,2019
"Census Tract 1, Curry County, New Mexico",259,33,94,23,0,0,0,0,0,106,439,0,0,27,0,0,0,41,0,0,28,8,11,0,0,7,29,0,0,0,0,0,0,0,0,0,0,27,0,0,0,0,0,0,0,0,14,31,35,009,000100,2019
"Census Tract 9505, Colfax County, New Mexico",55,94,16,0,0,0,0,0,0,0,0,0,0,0,0,0,0,288,182,43,337,59,0,0,0,0,0,0,0,0,0,11,60,0,0,0,0,0,0,0,0,0,0,0,0,0,32,0,35,007,950500,2019
"Census Tract 9506, Colfax County, New Mexico",68,38,0,0,0,0,0,0,0,0,0,0,0,0,0,0,0,147,119,31,146,153,0,0,0,0,0,0,9,0,0,0,0,3,0,0,0,0,0,0,0,0,0,0,0,0,24,2,35,007,950600,2019
"Census Tract 9507, Colfax County, New Mexico",433,106,39,0,0,0,0,0,0,31,0,0,0,0,0,0,0,376,170,18,311,157,0,0,0,0,23,0,0,9,0,0,0,0,21,0,0,19,0,0,0,0,0,0,0,0,3,12,35,007,950700,2019
"Census Tract 29, Bernalillo County, New Mexico",125,263,40,0,0,0,0,0,0,42,60,0,0,0,0,0,0,156,102,10,153,58,0,0,0,0,0,0,7,0,0,25,0,0,0,0,0,0,0,0,0,0,0,0,0,0,26,9,35,001,002900,2019
"Census Tract 30.01, Bernalillo County, New Mexico",13,226,35,25,0,0,0,0,0,0,112,0,0,0,0,0,0,222,82,55,350,151,0,0,0,0,0,0,0,0,0,0,0,0,0,0,0,0,0,0,0,0,0,0,0,0,28,0,35,001,003001,2019
"Census Tract 1.28, Bernalillo County, New Mexico",35,488,0,0,0,0,0,0,0,0,0,0,0,0,0,0,0,77,61,42,82,29,0,9,0,53,0,0,0,0,0,0,0,0,7,0,0,15,0,11,0,0,0,0,0,0,27,0,35,001,000128,2019
"Census Tract 1.21, Bernalillo County, New Mexico",130,341,17,0,0,0,0,8,0,32,0,0,0,12,0,0,0,273,180,141,358,240,17,18,0,4,0,0,15,5,0,36,0,3,0,0,0,0,18,0,0,0,0,0,0,0,0,16,35,001,000121,2019
"Census Tract 1.23, Bernalillo County, New Mexico",15,271,0,0,0,0,0,0,0,0,0,0,0,0,0,20,0,182,103,65,186,142,0,0,0,0,0,0,0,0,0,0,0,0,0,0,0,0,0,16,0,0,0,0,0,0,15,0,35,001,000123,2019
"Census Tract 5.01, Bernalillo County, New Mexico",77,420,7,20,0,0,0,0,0,32,44,0,0,13,0,0,0,97,32,43,126,75,32,0,0,7,0,0,7,0,0,9,0,0,0,0,0,13,0,0,0,0,0,0,0,0,0,0,35,001,000501,2019
"Census Tract 37.35, Bernalillo County, New Mexico",11,215,0,0,0,0,0,0,0,0,0,0,0,0,0,0,0,259,143,82,272,211,0,70,0,0,0,0,0,0,0,0,0,0,0,0,0,0,0,0,0,0,0,0,0,0,32,0,35,001,003735,2019
"Census Tract 37.36, Bernalillo County, New Mexico",0,244,0,0,0,0,0,0,0,14,5,0,0,0,0,0,0,42,24,19,116,15,0,0,0,3,0,0,22,0,0,10,0,0,8,6,0,10,5,0,0,0,0,0,0,0,6,0,35,001,003736,2019
"Census Tract 5.02, Bernalillo County, New Mexico",112,322,0,0,0,0,0,0,0,0,4,0,0,0,0,0,0,202,57,99,208,113,20,0,0,9,0,0,0,0,0,17,0,0,0,0,0,0,9,0,0,0,0,0,0,0,0,0,35,001,000502,2019
"Census Tract 37.37, Bernalillo County, New Mexico",18,79,5,0,0,0,0,0,0,0,0,10,0,25,0,0,0,214,48,0,188,66,0,0,0,0,0,0,0,0,0,0,0,0,10,9,0,8,0,0,0,0,0,0,0,0,0,0,35,001,003737,2019
"Census Tract 37.38, Bernalillo County, New Mexico",81,177,0,0,0,0,0,0,0,0,0,0,0,0,0,0,0,251,101,43,244,68,0,0,8,0,0,0,0,0,0,0,0,0,0,0,0,0,13,0,0,0,0,0,0,0,8,8,35,001,003738,2019
"Census Tract 47.34, Bernalillo County, New Mexico",7,188,138,0,0,0,0,0,0,491,408,0,0,0,0,0,0,28,0,0,99,23,11,0,0,9,0,0,0,0,0,0,0,0,0,0,0,0,0,0,0,0,0,0,0,0,24,0,35,001,004734,2019
"Census Tract 47.35, Bernalillo County, New Mexico",0,31,49,6,0,0,0,0,0,244,125,0,0,0,0,0,0,31,6,16,75,17,0,0,0,0,0,0,0,0,0,5,0,0,0,7,0,0,0,0,0,0,0,0,0,0,0,0,35,001,004735,2019
"Census Tract 47.36, Bernalillo County, New Mexico",0,32,13,0,0,0,0,0,0,211,137,0,0,0,0,0,0,0,0,0,0,26,0,0,0,0,0,0,0,0,0,0,0,0,0,0,0,0,0,0,0,0,0,0,0,0,0,41,35,001,004736,2019
"Census Tract 47.33, Bernalillo County, New Mexico",0,190,32,0,0,0,0,0,0,310,13,0,0,0,0,0,0,36,0,0,181,0,0,0,0,0,0,0,0,0,0,6,0,0,0,0,0,0,0,0,0,0,0,0,0,0,0,0,35,001,004733,2019
"Census Tract 47.37, Bernalillo County, New Mexico",0,272,25,0,0,0,0,0,0,76,33,0,0,0,0,0,0,59,40,0,67,20,5,0,0,0,0,6,19,0,0,25,4,0,0,0,0,0,0,0,0,0,0,0,0,0,0,0,35,001,004737,2019
"Census Tract 47.38, Bernalillo County, New Mexico",0,171,18,0,0,0,0,0,0,241,178,10,0,13,0,0,0,67,11,0,41,11,0,0,0,0,0,0,0,0,0,0,0,0,9,0,0,10,0,0,0,0,0,0,0,0,13,17,35,001,004738,2019
"Census Tract 47.39, Bernalillo County, New Mexico",0,207,59,0,0,0,0,0,0,392,212,0,0,14,13,0,0,108,45,0,110,54,0,49,0,0,0,0,11,0,0,0,9,0,12,0,0,0,0,0,0,0,0,0,0,0,0,0,35,001,004739,2019
"Census Tract 47.40, Bernalillo County, New Mexico",0,455,27,0,0,0,0,0,0,512,163,0,0,32,0,0,0,189,12,0,87,43,0,0,0,0,12,0,0,0,13,21,0,0,0,0,0,0,0,0,0,0,0,0,0,0,0,0,35,001,004740,2019
"Census Tract 47.41, Bernalillo County, New Mexico",6,825,119,0,0,0,0,0,0,286,131,0,0,44,17,0,0,104,131,15,93,112,0,0,0,26,0,0,128,0,0,0,0,0,0,0,0,0,0,0,0,0,0,0,0,0,64,0,35,001,004741,2019
"Census Tract 47.42, Bernalillo County, New Mexico",72,205,47,0,0,0,0,0,0,43,0,0,0,0,0,0,0,244,46,37,262,78,15,0,0,7,0,27,0,0,0,0,0,0,32,0,0,0,0,0,0,0,0,0,0,0,9,0,35,001,004742,2019
"Census Tract 9586.02, Quay County, New Mexico",53,59,74,0,0,0,0,0,0,78,0,0,0,0,0,0,0,175,43,25,218,36,0,0,0,0,0,9,0,0,0,0,0,0,0,0,0,0,0,0,0,0,0,0,0,0,0,11,35,037,958602,2019
"Census Tract 9586.01, Quay County, New Mexico",31,44,16,0,0,0,0,0,0,0,0,0,0,0,0,0,0,103,97,11,162,154,0,0,0,10,0,0,0,0,0,0,0,0,0,0,0,0,6,0,0,0,0,0,0,0,19,0,35,037,958601,2019
"Census Tract 9, Chaves County, New Mexico",0,68,0,0,0,0,0,0,0,12,13,0,0,0,0,0,0,154,31,59,112,94,0,0,0,0,0,0,0,0,0,0,0,0,0,0,0,0,0,0,0,0,0,0,0,0,25,0,35,005,000900,2019
"Census Tract 12, Chaves County, New Mexico",0,7,19,0,0,0,0,0,0,56,10,0,0,0,0,0,0,40,25,18,57,18,0,0,0,0,0,0,0,0,0,0,7,0,0,0,0,0,0,0,0,0,0,0,0,0,0,0,35,005,001200,2019
"Census Tract 4, Chaves County, New Mexico",19,18,37,0,0,0,0,0,0,98,63,0,0,0,0,0,0,161,83,11,204,82,0,0,0,0,0,0,0,0,0,11,0,0,0,0,0,0,0,0,0,0,0,0,0,0,0,0,35,005,000400,2019
"Census Tract 3, Chaves County, New Mexico",725,120,26,0,0,0,0,0,0,137,69,0,0,56,0,0,0,267,108,89,326,122,25,0,0,0,0,0,0,0,0,0,0,0,38,0,0,54,0,0,0,0,0,0,0,0,11,0,35,005,000300,2019
"Census Tract 13, Chaves County, New Mexico",419,37,10,9,0,0,0,0,0,233,41,0,0,0,0,0,0,78,59,14,116,86,0,0,0,0,0,0,0,0,0,0,0,0,0,0,0,0,0,0,0,0,0,0,0,0,0,0,35,005,001300,2019
"Census Tract 14, Chaves County, New Mexico",0,17,27,0,0,0,0,0,0,98,48,0,0,0,0,0,0,104,46,6,79,61,0,0,0,0,0,0,0,0,0,0,0,0,0,0,0,0,0,0,0,0,0,0,0,0,0,2,35,005,001400,2019
"Census Tract 6, Chaves County, New Mexico",315,88,0,14,0,0,0,0,0,128,163,0,0,0,0,0,0,173,70,0,122,72,4,0,0,4,0,0,23,0,0,0,9,16,0,0,0,0,0,0,0,0,0,0,0,0,12,5,35,005,000600,2019
"Census Tract 7, Chaves County, New Mexico",72,7,13,14,0,0,0,0,0,352,14,0,0,0,0,0,0,196,64,26,191,116,0,0,6,0,7,0,0,0,0,7,0,0,0,0,0,0,0,0,0,0,0,0,0,0,0,14,35,005,000700,2019
"Census Tract 8, Chaves County, New Mexico",33,205,0,1,0,0,0,0,0,36,46,0,0,0,0,0,0,209,99,55,113,202,0,12,0,0,0,0,0,0,0,19,0,3,0,0,0,0,0,0,0,0,0,0,0,0,18,0,35,005,000800,2019
"Census Tract 5, Chaves County, New Mexico",23,7,16,0,0,0,0,0,0,110,17,0,0,0,0,0,0,10,18,24,52,49,0,0,4,0,4,0,0,0,0,0,0,7,0,0,0,0,0,0,0,0,0,0,0,0,6,0,35,005,000500,2019
"Census Tract 3, Lea County, New Mexico",19,31,75,6,0,0,0,0,0,161,118,0,0,0,0,0,0,54,78,0,10,46,29,30,0,43,0,0,0,0,0,0,0,0,0,0,0,0,0,0,0,0,0,0,0,0,23,0,35,025,000300,2019
